0,Mrpl15
1,St18
2,Rrs1
3,Snhg6
4,Ppp1r42
5,Cops5
6,Slco5a1
7,Terf1
8,Tceb1
9,Mcm3
10,Khdc1a
11,Ogfrl1
12,Ptp4a1
13,Prim2
14,Bag2
15,Dst
16,Imp4
17,Gm37335
18,Neurl3
19,Arid5a
20,Cox5b
21,Tmem131
22,Mgat4a
23,Eif5b
24,Rev1
25,Gm37707
26,Rpl31
27,Tbc1d8
28,Rnf149
29,Il1r2
30,Gm16894
31,Il1r1
32,Il1rl1
33,Il18r1
34,Il18rap
35,Gpr45
36,Fhl2
37,Nck2
38,Uxs1
39,Gm8251
40,Tex30
41,Wdr75
42,Slc40a1
43,Slc39a10
44,Gm28826
45,C230029F24Rik
46,1700072G22Rik
47,Myo1b
48,Stat4
49,Stat1
50,Nab1
51,Mfsd6
52,Pms1
53,Hecw2
54,Ankrd44
55,Hspd1
56,Hspe1
57,Spats2l
58,Sgol2a
59,Orc2
60,Tmem237
61,Mpp4
62,Gm29017
63,Als2
64,Nop58
65,Wdr12
66,Carf
67,Abi2
68,Raph1
69,Cd28
70,Gm11579
71,Ctla4
72,Icos
73,Nrp2
74,Gm4208
75,Ndufs1
76,Eef1b2
77,Adam23
78,Fastkd2
79,Map2
80,Acadl
81,Myl1
82,Ikzf2
83,Spag16
84,Bard1
85,Atic
86,Mreg
87,Xrcc5
88,Tns1
89,Cxcr2
90,Catip
91,Slc11a1
92,Vil1
93,Usp37
94,Rqcd1
95,Cyp27a1
96,Wnt6
97,Wnt10a
98,Tuba4a
99,Farsb
100,Acsl3
101,Utp14b
102,Serpine2
103,Irs1
104,Agfg1
105,Pid1
106,Sp110
107,Sp140
108,Sp100
109,2810459M11Rik
110,Psmd1
111,Gm16341
112,B3gnt7
113,Ncl
114,1700019O17Rik
115,Ptma
116,Nppc
117,Sag
118,Hjurp
119,Arl4c
120,Gbx2
121,Rbm44
122,Ube2f
123,Hdac4
124,Ndufa10
125,Gm29480
126,Ankmy1
127,Gpr35
128,Kif1a
129,Pask
130,Ppp1r7
131,Ano7
132,Hdlbp
133,Sept2
134,Bok
135,Dtymk
136,Ing5
137,Pdcd1
138,St8sia4
139,D1Ertd622e
140,Gm7967
141,Gm28187
142,Tnfrsf11a
143,Zcchc2
144,Bcl2
145,Serpinb8
146,Nifk
147,Tfcp2l1
148,Dbi
149,Steap3
150,Ddx18
151,Lypd1
152,Tmem163
153,Zranb3
154,Mcm6
155,Dars
156,Cxcr4
157,Thsd7b
158,Cd55
159,Gm28857
160,Fcmr
161,Srgap2
162,Fam72a
163,Ctse
164,Rab7b
165,Nucks1
166,Elk4
167,Nuak2
168,Tmcc2
169,Sox13
170,Snrpe
171,Lax1
172,Atp2b4
173,Chil1
174,Ppfia4
175,Ube2t
176,Lgr6
177,Rnpep
178,Timm17a
179,Ipo9
180,Nav1
181,Csrp1
182,Phlda3
183,Tnni1
184,Lad1
185,Tnnt2
186,Cacna1s
187,Gm37552
188,Kif14
189,Ptprc
190,2310009B15Rik
191,Aspm
192,Cfh
193,Uchl5
194,Rgs2
195,Rgs1
196,Rgs18
197,Pla2g4a
198,Prg4
199,Ivns1abp
200,Fam129a
201,1700025G04Rik
202,Tsen15
203,Rgl1
204,Ncf2
205,Dhx9
206,Rgs16
207,Glul
208,Cacna1e
209,Ier5
210,Tdrd5
211,Gm2000
212,Tor3a
213,Sec16b
214,Mrps14
215,Cacybp
216,Dars2
217,Cenpl
218,Tnfsf4
219,Fasl
220,Dnm3os
221,Mettl13
222,Kifap3
223,BC055324
224,Sell
225,Selp
226,F5
227,Ccdc181
228,Xcl1
229,Adcy10
230,Creg1
231,Cd247
232,Pou2f1
233,Uck2
234,Aldh9a1
235,Pbx1
236,Nuf2
237,Uap1
238,Sh2d1b1
239,Atf6
240,Fcrla
241,Fcgr2b
242,Fcgr4
243,Fcgr3
244,Sdhc
245,Mpz
246,Fcer1g
247,Gm20045
248,Pvrl4
249,F11r
250,B930036N10Rik
251,Cd244
252,Slamf7
253,Cd48
254,Slamf1
255,Gm37065
256,Slamf6
257,Igsf8
258,Kcnj10
259,Slamf9
260,Tagln2
261,Slamf8
262,Cadm3
263,Aim2
264,Gm4955
265,BC094916
266,Pydc4
267,Pyhin1
268,Pydc3
269,AI607873
270,Ifi204
271,Mndal
272,Mnda
273,Ifi203
274,Ifi205
275,Fh1
276,Kmo
277,Chml
278,Exo1
279,Gm15423
280,Adss
281,Hnrnpu
282,Cdc42bpa
283,Gm37336
284,Psen2
285,Parp1
286,Lin9
287,H3f3a
288,Pycr2
289,Ephx1
290,Cnih4
291,Lbr
292,Dusp10
293,Hlx
294,Marc1
295,Eprs
296,Tgfb2
297,Rrp15
298,Spata17
299,Cenpf
300,Ptpn14
301,Smyd2
302,Prox1
303,Nsl1
304,Batf3
305,Atf3
306,Nenf
307,Dtl
308,Ints7
309,Lpgat1
310,Nek2
311,Traf5
312,Sertad4
313,G0s2
314,Plxna2
315,Cd34
316,Cr2
317,Nmt2
318,Rpp38
319,Suv39h2
320,Hspa14
321,Frmd4a
322,Gm13179
323,Sephs1
324,Mcm10
325,Cdc123
326,Nudt5
327,Proser2
328,Gm13383
329,Gm13391
330,Gata3
331,Taf3
332,Atp5c1
333,Itih5
334,Pfkfb3
335,Rbm17
336,Il2ra
337,Il15ra
338,C1ql3
339,Rsu1
340,Vim
341,St8sia6
342,Hacd1
343,Mrc1
344,Cacnb2
345,Bmi1
346,Otud1
347,Gad2
348,Pdss1
349,Mastl
350,Zmynd19
351,Mrpl41
352,Nrarp
353,Tubb4b
354,Ssna1
355,Grin1
356,Sapcd2
357,Fut7
358,Clic3
359,Ptgds
360,Rabl6
361,Tmem141
362,Fcna
363,Bmyc
364,Ubac1
365,Nacc2
366,Qsox2
367,Dnlz
368,Notch1
369,Egfl7
370,Agpat2
371,Fam69b
372,Lcn4
373,Rpl7a
374,Surf2
375,Slc2a6
376,Fam163b
377,Dbh
378,Brd3
379,Wdr5
380,Col5a1
381,Olfm1
382,Gfi1b
383,Coq4
384,Odf2
385,Wdr34
386,Set
387,Endog
388,D2Wsu81e
389,Nup188
390,Ier5l
391,Ass1
392,Exosc2
393,Qrfp
394,Aif1l
395,Gm13609
396,Pomt1
397,Swi5
398,Dnm1
399,Lcn2
400,Fam102a
401,Pip5kl1
402,St6galnac4
403,Eng
404,Ptrh1
405,Fam129b
406,Angptl2
407,Hspa5
408,Phf19
409,Traf1
410,Cntrl
411,Gm13431
412,Ptgs1
413,Crb2
414,Gm13556
415,Nek6
416,Psmb7
417,Olfml2a
418,Rpl35
419,Kynu
420,Zeb2
421,Zeb2os
422,Rnd3
423,Rif1
424,Gm13522
425,Arl5a
426,Fmnl2
427,Prpf40a
428,Arl6ip6
429,Rprm
430,Nr4a2
431,Gpd2
432,Cytip
433,Gm13546
434,Acvr1c
435,Pkp4
436,Dapl1
437,Cd302
438,Ly75
439,Gm13571
440,Psmd14
441,Tbr1
442,Dpp4
443,Ifih1
444,Gca
445,Scn3a
446,Galnt3
447,Stk39
448,Nostrin
449,Spc25
450,Dhrs9
451,Klhl41
452,Ccdc173
453,Klhl23
454,Ssb
455,Mettl5
456,Hat1
457,Dlx1as
458,Dlx1
459,Itga6
460,Rapgef4
461,Zak
462,Cdca7
463,Ola1
464,Chn1
465,Atp5g3
466,Lnp
467,Mtx2
468,Gm13652
469,2600014E21Rik
470,Hnrnpa3
471,Osbpl6
472,Ttn
473,Ccdc141
474,Sestd1
475,Ube2e3
476,Itga4
477,Tfpi
478,2700094K13Rik
479,Med19
480,Ube2l6
481,Timm10
482,Slc43a1
483,Slc43a3
484,Prg2
485,Ssrp1
486,Nup160
487,Mtch2
488,Rapsn
489,Psmc3
490,Spi1
491,Mybpc3
492,Nr1h3
493,A330069E16Rik
494,Ckap5
495,Harbi1
496,Syt13
497,Cd82
498,Api5
499,Gm10800
500,B230118H07Rik
501,Rag2
502,Rag1
503,Prr5l
504,Ldlrad3
505,Fjx1
506,Slc1a2
507,Cd44
508,Apip
509,Ehf
510,Nat10
511,Caprin1
512,Lmo2
513,4931422A03Rik
514,D430041D05Rik
515,Tcp11l1
516,Depdc7
517,Qser1
518,Rcn1
519,Kif18a
520,Ccdc34
521,Ccdc34os
522,Nop10
523,Aven
524,Fmn1
525,Arhgap11a
526,Dph6
527,Spred1
528,Fam98b
529,Bub1b
530,Inafm2
531,Knstrn
532,Casc5
533,Rad51
534,Spint1
535,Chac1
536,Oip5
537,Nusap1
538,Rpap1
539,Mga
540,Ehd4
541,Pla2g4f
542,Ganc
543,Capn3
544,Haus2
545,Pdia3
546,Wdr76
547,Ctdspl2
548,Eif3j1
549,B2m
550,Sord
551,Gm14085
552,Gatm
553,AA467197
554,Sqrdl
555,Sema6d
556,Slc24a5
557,Myef2
558,Gm14002
559,Dut
560,Cep152
561,Eid1
562,Cops2
563,Dtwd1
564,Atp8b4
565,Hdc
566,Usp50
567,Blvra
568,Ncaph
569,Snrnp200
570,Stard7
571,Dusp2
572,Gpat2
573,Mrps5
574,Nphp1
575,Bub1
576,Acoxl
577,Bcl2l11
578,Gm14009
579,Anapc1
580,Mertk
581,Zc3h8
582,Zc3h6
583,Polr1b
584,Ckap2l
585,Il1a
586,Il1b
587,Sirpa
588,Tgm3
589,Snrpb
590,Tmc2
591,Nop56
592,Itpa
593,Atrn
594,Siglec1
595,1700037H04Rik
596,Cenpb
597,Cdc25b
598,Prnp
599,Pcna
600,Chgb
601,Trmt6
602,Mcm8
603,Crls1
604,Jag1
605,Snrpb2
606,Dstn
607,Rrbp1
608,Snx5
609,Mgme1
610,Ovol2
611,Dtd1
612,Rin2
613,Naa20
614,Insm1
615,Thbd
616,Cd93
617,Nxt1
618,Cst3
619,Gm14139
620,Cst7
621,Gins1
622,Rspo4os
623,Fam110a
624,Srxn1
625,Rem1
626,Id1
627,Cox4i2
628,Tpx2
629,Ttll9
630,Hck
631,Asxl1
632,Nol4l
633,Dnmt3b
634,Cdk5rap1
635,1700003F12Rik
636,E2f1
637,Raly
638,a
639,Eif2s2
640,Ahcy
641,Procr
642,Eif6
643,Cep250
644,Romo1
645,Dsn1
646,Samhd1
647,Rbl1
648,Rpn2
649,Tgm2
650,Lbp
651,Fam83d
652,Gm826
653,Mafb
654,Srsf6
655,Mybl2
656,Tox2
657,Gdap1l1
658,Hnf4a
659,Serinc3
660,Pkig
661,Ada
662,Slpi
663,Sdc4
664,Ube2c
665,Pltp
666,Mmp9
667,Cd40
668,Sulf2
669,Cse1l
670,Ddx27
671,Zfos1
672,Ptgis
673,B4galt5
674,Cebpb
675,E130018N17Rik
676,Gm20716
677,Nfatc2
678,Tshz2
679,Pfdn4
680,Aurka
681,Bmp7
682,Zbp1
683,Pmepa1
684,Ankrd60
685,Npepl1
686,Nespas
687,Ctsz
688,Atp5e
689,Slmo2
690,Gm14412
691,Fam217b
692,Psma7
693,B230312C02Rik
694,Slc17a9
695,Kcnq2
696,Polr3k
697,Foxp3
698,Plp2
699,Ccdc120
700,Tfe3
701,Pim2
702,Gm10490
703,Suv39h1
704,Rbm3
705,Ftsj1
706,Cybb
707,Rpgr
708,Mid1ip1
709,Bcor
710,Med14
711,Ddx3x
712,Nyx
713,Gpr34
714,Gpr82
715,Drr1
716,Maoa
717,Chst7
718,Rbm10
719,Usp11
720,Timp1
721,Cfp
722,Elk1
723,Uxt
724,Il13ra1
725,Zcchc12
726,Pgrmc1
727,Slc25a5
728,Ube2a
729,Rpl39
730,Nkap
731,Gria3
732,Stag2
733,Gm43337
734,Sh2d1a
735,Tenm1
736,Dcaf12l1
737,Utp14a
738,Aifm1
739,Rbmx2
740,Mbnl3
741,Hprt
742,Fam122b
743,Xlr
744,3830403N18Rik
745,Htatsf1
746,Gm14718
747,Cd40lg
748,Arhgef6
749,4930550L24Rik
750,Fgf13
751,Atp11c
752,Fmr1
753,Fmr1nb
754,Hmgb3
755,Vma21
756,Nsdhl
757,Spin2d
758,Xlr3b
759,Xlr4c
760,Zfp92
761,Haus7
762,Srpk3
763,Idh3g
764,Naa10
765,Hcfc1
766,Irak1
767,Tktl1
768,Emd
769,Rpl10
770,Lage3
771,Ubl4a
772,Ikbkg
773,G6pdx
774,Dkc1
775,Mpp1
776,Fundc2
777,Brcc3
778,Rab39b
779,Pola1
780,Pdk3
781,Eif2s3x
782,Apoo
783,Spin4
784,Las1l
785,F630028O10Rik
786,Ar
787,Ophn1
788,Stard8
789,Pdzd11
790,Kif4
791,Taf1
792,Cxcr3
793,Gm4779
794,Nhsl2
795,Rgag4
796,Ercc6l
797,Rps4x
798,Pbdc1
799,Magt1
800,Cox7b
801,Tlr13
802,Pgk1
803,Cysltr1
804,Gm5127
805,Lpar4
806,P2ry10
807,Gpr174
808,Itm2a
809,Hmgn5
810,Sh3bgrl
811,Gm6377
812,Rps6ka6
813,Diaph2
814,Tspan6
815,Sytl4
816,Cstf2
817,Cenpi
818,Rpl36a
819,Zmat1
820,Bhlhb9
821,Bex4
822,Tceal8
823,Bex1
824,Wbp5
825,Ngfrap1
826,Tceal3
827,Morf4l2
828,Plp1
829,Tmsb15b2
830,Zcchc18
831,Rnf128
832,Cldn2
833,Morc4
834,Prps1
835,Tsc22d3
836,Ammecr1
837,Alg13
838,Alas2
839,Smc1a
840,Mageh1
841,RP23-106P7.5
842,Sat1
843,Prdx4
844,Sms
845,Eif1ax
846,Map7d2
847,Rbbp7
848,Siah1b
849,Gpm6b
850,Ofd1
851,Tmsb4x
852,Prps2
853,Msl3
854,Arhgap6
855,Mid1
856,Gm21887
857,Mrps28
858,Tpd52
859,C030034L19Rik
860,Zfp704
861,Fabp5
862,Fabp4
863,Snx16
864,Gm38112
865,Lrrcc1
866,Car2
867,Sirpb1b
868,Pde7a
869,4632415L05Rik
870,Hps3
871,Gyg
872,Cpa3
873,Ect2
874,Tnfsf10
875,Pld1
876,Rpl22l1
877,Mecom
878,Lrrc31
879,Skil
880,Gnb4
881,Actl6a
882,Mrpl47
883,Gm43666
884,Gm43077
885,Dnajc19
886,Gm43003
887,Ccdc144b
888,Exosc9
889,Ccna2
890,Il21
891,Spata5
892,Spry1
893,Hspa4l
894,Plk4
895,Larp1b
896,Jade1
897,Sclt1
898,D3Ertd751e
899,Slc7a11
900,Mgarp
901,Ndufc1
902,Naa15
903,Maml3
904,Foxo1
905,Gm30292
906,Gm16206
907,Postn
908,Exosc8
909,Serp1
910,Eif2a
911,Gpr171
912,P2ry14
913,P2ry13
914,P2ry12
915,Mme
916,Plch1
917,Gmps
918,Gfm1
919,Il12a
920,1110032F04Rik
921,Ift80
922,Smc4
923,Trim59
924,Gm1647
925,Ppm1l
926,B3galnt1
927,Nmd3
928,Golim4
929,Rapgef2
930,Fnip2
931,4930589L23Rik
932,Ppid
933,4930579G24Rik
934,Rxfp1
935,Gria2
936,Gucy1a3
937,Gm26771
938,Mnd1
939,Fhdc1
940,Fbxw7
941,Rps3a1
942,Mab21l2
943,Cd1d2
944,Cd1d1
945,Fcrls
946,Cd5l
947,Fcrl1
948,Fcrl5
949,Hdgf
950,Crabp2
951,Nes
952,Bcan
953,Gpatch4
954,Apoa1bp
955,Iqgap3
956,Cct3
957,Pmf1
958,Sema4a
959,Lmna
960,Mex3a
961,Syt11
962,Fdps
963,Mtx1
964,Muc1
965,Krtcap2
966,Efna3
967,Zbtb7b
968,Gm15417
969,Cks1b
970,Pmvk
971,Il6ra
972,Hax1
973,Ilf2
974,S100a16
975,S100a3
976,S100a4
977,S100a6
978,S100a8
979,S100a9
980,S100a11
981,Rorc
982,Lingo4
983,Tdrkh
984,Cgn
985,Psmb4
986,Ctss
987,Ecm1
988,BC028528
989,Anp32e
990,Plekho1
991,Sf3b4
992,Bola1
993,Hist2h2ac
994,Hist2h2aa1
995,Hist2h4
996,Hist2h3b
997,Hist2h2bb-1
998,Fcgr1
999,Rbm8a
1000,Nudt17
1001,Cd160
1002,Acp6
1003,Chd1l
1004,Hmgcs2
1005,Phgdh
1006,Wdr3
1007,Fam46c
1008,Ttf2
1009,Igsf3
1010,Slc22a15
1011,Vangl1
1012,Tspan2
1013,Tshb
1014,Bcas2
1015,Syt6
1016,Slc16a1
1017,Gm29561
1018,Fam19a3
1019,Cttnbp2nl
1020,Gm5547
1021,I830077J02Rik
1022,Atp5f1
1023,Wdr77
1024,Gm42722
1025,Chia1
1026,Dennd2d
1027,Kcna3
1028,A930002I21Rik
1029,Kcna2
1030,Cym
1031,Prok1
1032,Rbm15
1033,Csf1
1034,Gstm5
1035,Gstm1
1036,Ampd2
1037,Psma5
1038,Psrc1
1039,Gpsm2
1040,Fndc7
1041,Vav3
1042,Ntng1
1043,S1pr1
1044,Dph5
1045,Vcam1
1046,Rtca
1047,Sass6
1048,Slc35a3
1049,Agl
1050,Frrs1
1051,Plppr4
1052,Tmem56
1053,F3
1054,Gclm
1055,Bcar3
1056,Gm42835
1057,Gm43568
1058,Pde5a
1059,4933405D12Rik
1060,1810037I17Rik
1061,Synpo2
1062,Prss12
1063,Camk2d
1064,Ank2
1065,Larp7
1066,Zgrf1
1067,Gm43729
1068,Tifa
1069,Gm35986
1070,Elovl6
1071,Gar1
1072,Pla2g12a
1073,Ccdc109b
1074,Gm36520
1075,Gm43352
1076,Lef1
1077,Hadh
1078,Gstcd
1079,Cenpe
1080,Nfkb1
1081,Gm43603
1082,Bank1
1083,Ppp3ca
1084,H2afz
1085,Dnajb14
1086,Trmt10a
1087,Adh1
1088,Adh5
1089,Eif4e
1090,Gbp5
1091,Gbp7
1092,Gbp3
1093,Gbp2
1094,Ccbl2
1095,4930519L02Rik
1096,Lmo4
1097,Clca3a1
1098,Odf2l
1099,Znhit6
1100,Bcl10
1101,Mcoln2
1102,Lpar3
1103,Ssx2ip
1104,Gm36888
1105,Ifi44
1106,Gipc2
1107,St6galnac5
1108,St6galnac3
1109,Asb17os
1110,Rabggtb
1111,Gm43400
1112,Erich3
1113,Cth
1114,Lrrc40
1115,Lrrc7
1116,Depdc1a
1117,Tgs1
1118,Lyn
1119,Rps20
1120,Penk
1121,Nsmaf
1122,Tox
1123,Car8
1124,Chd7
1125,Ndufaf6
1126,Ccne2
1127,Rad54b
1128,Gem
1129,Gm26895
1130,Fam92a
1131,Triqk
1132,Otud6b
1133,Gm11837
1134,Tmem64
1135,Decr1
1136,Nbn
1137,Cpne3
1138,Atp6v0d2
1139,Coq3
1140,Mms22l
1141,Ndufaf4
1142,Bach2
1143,Casp8ap2
1144,Mdn1
1145,Ankrd6
1146,Rragd
1147,Akirin2
1148,Rars2
1149,Ddx58
1150,Topors
1151,Ndufb6
1152,Smu1
1153,Bag1
1154,Aqp3
1155,Ubap2
1156,Nudt2
1157,Arid3c
1158,Sigmar1
1159,Ccl21a
1160,Stoml2
1161,Gm26643
1162,Rusc2
1163,Cd72
1164,Sit1
1165,Arhgef39
1166,Tpm2
1167,Glipr2
1168,Melk
1169,Tomm5
1170,Frmpd1
1171,Exosc3
1172,Aldh1b1
1173,Stra6l
1174,Ccdc180
1175,Tmod1
1176,Ncbp1
1177,Hemgn
1178,Anp32b
1179,Nans
1180,Coro2a
1181,Gabbr2
1182,Sec61b
1183,Nr4a3
1184,Baat
1185,Mrpl50
1186,Tmem246
1187,Smc2
1188,Abca1
1189,AI427809
1190,Fktn
1191,Tal2
1192,Zfp462
1193,Rad23b
1194,Klf4
1195,Ikbkap
1196,Frrs1l
1197,Epb41l4b
1198,Txn1
1199,Lpar1
1200,AI314180
1201,Ptgr1
1202,Inip
1203,Snx30
1204,Prpf4
1205,Bspry
1206,Alad
1207,Pole3
1208,Rgs3
1209,Col27a1
1210,Tnfsf8
1211,Cdk5rap2
1212,Zdhhc21
1213,Ttc39b
1214,Psip1
1215,Cntln
1216,Haus6
1217,Plin2
1218,Rps6
1219,Hacd4
1220,Ifnab
1221,Mtap
1222,Cdkn2b
1223,Ift74
1224,Jun
1225,Hook1
1226,Cyp2j6
1227,Nfia
1228,Usp1
1229,Dock7
1230,Alg6
1231,Itgb3bp
1232,Pgm2
1233,Lepr
1234,Sgip1
1235,Tctex1d1
1236,BB031773
1237,Insl5
1238,Mier1
1239,Slc35d1
1240,Dhcr24
1241,Ldlrad1
1242,Hspb11
1243,Ndc1
1244,Lrp8
1245,Magoh
1246,Prpf38a
1247,Orc1
1248,Kti12
1249,Calr4
1250,Ttc39a
1251,Cdkn2c
1252,Faf1
1253,Slc5a9
1254,Cmpk1
1255,Stil
1256,Tal1
1257,Pdzk1ip1
1258,Faah
1259,Rad54l
1260,Mast2
1261,Ipp
1262,Nasp
1263,Prdx1
1264,Ccdc163
1265,Eif2b3
1266,Rps8
1267,Kif2c
1268,Gm1661
1269,Eri3
1270,Gm12840
1271,Slc6a9
1272,Ptprf
1273,Cdc20
1274,Ebna1bp2
1275,Ermap
1276,Ybx1
1277,Ppih
1278,Guca2a
1279,Hivep3
1280,Foxo6
1281,Scmh1
1282,Ctps
1283,Cited4
1284,Ppt1
1285,Mycl
1286,Ppie
1287,Pabpc4
1288,Rhbdl2
1289,Mycbp
1290,Utp11l
1291,Sf3a3
1292,Mtf1
1293,1110065P20Rik
1294,Yrdc
1295,Epha10
1296,Cdca8
1297,Gnl2
1298,Dnali1
1299,Meaf6
1300,Zc3h12a
1301,Csf3r
1302,Mrps15
1303,Thrap3
1304,Clspn
1305,Psmb2
1306,Sfpq
1307,Dlgap3
1308,Ak2
1309,Rnf19b
1310,Yars
1311,Gm12976
1312,Rbbp4
1313,Zbtb8os
1314,Marcksl1
1315,Hdac1
1316,Eif3i
1317,Zcchc17
1318,Snrnp40
1319,Gm26516
1320,Sdc3
1321,Matn1
1322,Ptpru
1323,Mecr
1324,Srsf4
1325,Snhg12
1326,Rcc1
1327,Atpif1
1328,Ptafr
1329,Smpdl3b
1330,Rpa2
1331,Themis2
1332,Ppp1r8
1333,Fgr
1334,Sytl1
1335,Nudc
1336,Hmgn2
1337,Cd52
1338,Zfp593
1339,Grrp1
1340,Pdik1l
1341,Stmn1
1342,Aunip
1343,Ldlrap1
1344,Rhd
1345,Runx3
1346,Clic4
1347,Srrm1
1348,Grhl3
1349,Srsf10
1350,Cnr2
1351,Gale
1352,Rpl11
1353,Id3
1354,E2f2
1355,Tcea3
1356,Hnrnpr
1357,Luzp1
1358,Ephb2
1359,C1qb
1360,C1qc
1361,C1qa
1362,Alpl
1363,Ddost
1364,AB041806
1365,Pla2g2d
1366,Tmco4
1367,Minos1
1368,Mrto4
1369,Arhgef10l
1370,Rcc2
1371,Padi4
1372,Sdhb
1373,Atp13a2
1374,Gm13075
1375,Fblim1
1376,Efhd2
1377,4930455G09Rik
1378,Tmem51
1379,Dhrs3
1380,Tnfrsf1b
1381,Tnfrsf8
1382,Gm26880
1383,Miip
1384,Agtrap
1385,Mad2l2
1386,Srm
1387,Apitd1
1388,Pgd
1389,Kif1b
1390,Pik3cd
1391,Spsb1
1392,Slc2a5
1393,Park7
1394,Tnfrsf9
1395,Dnajc11
1396,Tas1r1
1397,Nol9
1398,Tnfrsf25
1399,Acot7
1400,Gpr153
1401,Rpl22
1402,A430005L14Rik
1403,Prdm16
1404,Fam213b
1405,Tnfrsf14
1406,Plch2
1407,Atad3a
1408,Mrpl20
1409,Aurkaip1
1410,Cpsf3l
1411,Pusl1
1412,Fam132a
1413,Tnfrsf4
1414,Tnfrsf18
1415,Isg15
1416,AW011738
1417,Noc2l
1418,Cdk6
1419,Gm17590
1420,Cyp51
1421,Cdk14
1422,Steap4
1423,Dbf4
1424,Abcb1b
1425,Hgf
1426,Cd36
1427,Gsap
1428,Fgl2
1429,Fbxl13
1430,Lrrc17
1431,Pmpcb
1432,Dnajc2
1433,Psmc2
1434,Reln
1435,Pus7
1436,Tomm7
1437,2700038G22Rik
1438,Fam126a
1439,Kcnh2
1440,Abcf2
1441,Rheb
1442,Paxip1
1443,Insig1
1444,Nom1
1445,Tyms
1446,Gm4961
1447,Ept1
1448,Drc1
1449,Otof
1450,Cenpa
1451,Khk
1452,Cad
1453,Ppm1g
1454,Krtcap3
1455,Fosl2
1456,Spon2
1457,Slbp
1458,Tacc3
1459,Fgfr3
1460,Whsc1
1461,Nelfa
1462,Haus3
1463,Mxd4
1464,Sh3bp2
1465,Mfsd10
1466,Nop14
1467,Gm15522
1468,Rgs12
1469,Htra3
1470,Sh3tc1
1471,Mrfap1
1472,Wfs1
1473,Crmp1
1474,Nsg1
1475,Lyar
1476,Clnk
1477,Cc2d2a
1478,Bst1
1479,Cd38
1480,Prom1
1481,Qdpr
1482,Lap3
1483,Ncapg
1484,Lcorl
1485,Slit2
1486,Ppargc1a
1487,Gm43683
1488,8030423F21Rik
1489,Stim2
1490,Pcdh7
1491,Rell1
1492,Klf3
1493,Klhl5
1494,Rfc1
1495,Rpl9
1496,Pds5a
1497,9130230L23Rik
1498,Nsun7
1499,Gm43698
1500,Gm26756
1501,Shisa3
1502,Atp8a1
1503,Yipf7
1504,Cnga1
1505,Nipal1
1506,Kit
1507,Gm19590
1508,Kdr
1509,Cep135
1510,Ppat
1511,Paics
1512,Hopx
1513,Noa1
1514,Polr2b
1515,Igfbp7
1516,Cenpc1
1517,Csn3
1518,Jchain
1519,Utp3
1520,Rufy3
1521,Grsf1
1522,Pf4
1523,Epgn
1524,Areg
1525,Parm1
1526,Naaa
1527,Sdad1
1528,Cxcl9
1529,Art3
1530,Cxcl10
1531,Nup54
1532,Sept11
1533,Mrpl1
1534,Anxa3
1535,Gm42601
1536,Bmp2k
1537,Rasgef1b
1538,Hnrnpd
1539,Hnrnpdl
1540,Tmem150cos
1541,Lin54
1542,Cops4
1543,Plac8
1544,Coq2
1545,Helq
1546,Mrps18c
1547,Gm36793
1548,Cds1
1549,Wdfy3
1550,Ptpn13
1551,Spp1
1552,Gbp9
1553,Gbp6-1
1554,Gm42749
1555,Cdc7
1556,Tgfbr3
1557,A830010M20Rik
1558,Gfi1
1559,Evi5
1560,Rpl5
1561,Mtf2
1562,Tmed5
1563,Ccdc18
1564,Atp5k
1565,Slc26a1
1566,Golga3
1567,Pole
1568,A630023P12Rik
1569,Noc4l
1570,Pus1
1571,Chek2
1572,Ttc28
1573,Pitpnb
1574,Tpst2
1575,Adrbk2
1576,Crybb3
1577,2900026A02Rik
1578,Wscd2
1579,Cmklr1
1580,Sart3
1581,Tmem119
1582,Coro1c
1583,Ung
1584,Mvk
1585,2610524H06Rik
1586,Oasl2
1587,Oasl1
1588,Hnf1aos1
1589,Dynll1
1590,Srsf9
1591,Cox6a1
1592,Rplp0
1593,Gcn1l1
1594,Cit
1595,Gm13838
1596,Hspb8
1597,Pebp1
1598,Gm10399
1599,Rfc5
1600,Nos1
1601,Tesc
1602,Gm9754
1603,Dtx1
1604,Oas2
1605,Oas3
1606,Oas1e
1607,Oas1g
1608,Oas1a
1609,Rpl6
1610,Trafd1
1611,Naa25
1612,Aldh2
1613,Hvcn1
1614,Gpn3
1615,Atp2a2
1616,P2rx7
1617,P2rx4
1618,Camkk2
1619,Anapc5
1620,Kdm2b
1621,Orai1
1622,4932422M17Rik
1623,Gm43409
1624,Bcl7a
1625,Clip1
1626,Zcchc8
1627,Kntc1
1628,Denr
1629,Hip1r
1630,Arl6ip4
1631,Pitpnm2
1632,Mphosph9
1633,Cdk2ap1
1634,Setd8
1635,Rilpl2
1636,Snrnp35
1637,Eif2b1
1638,Scarb1
1639,Bri3bp
1640,Ran
1641,Mrps17
1642,Psph
1643,Chchd2
1644,Vkorc1l1
1645,Gusb
1646,Tpst1
1647,Auts2
1648,Gm15627
1649,Wbscr16
1650,Ncf1
1651,Rfc2
1652,Lat2
1653,Eif4h
1654,Wbscr27
1655,Cldn4
1656,Wbscr22
1657,Mlxipl
1658,Baz1b
1659,Fzd9
1660,Pom121
1661,Ccl24
1662,Mdh2
1663,Rasa4
1664,Polr2j
1665,Orai2
1666,Cux1
1667,Myl10
1668,Ift22
1669,Cldn15
1670,Ap1s1
1671,Serpine1
1672,Srrt
1673,Pop7
1674,Mospd3
1675,Gm36266
1676,Irs3
1677,Agfg2
1678,Nyap1
1679,Ppp1r35
1680,Zcwpw1
1681,Pilra
1682,Pilrb1
1683,Pilrb2
1684,Mcm7
1685,Taf6
1686,Stag3
1687,Fam20c
1688,Pdgfa
1689,Sun1
1690,Get4
1691,Adap1
1692,3110082I17Rik
1693,Gpr146
1694,Gper1
1695,Ints1
1696,Psmg3
1697,Mad1l1
1698,Nudt1
1699,Snx8
1700,Eif3b
1701,Grifin
1702,Lfng
1703,Card11
1704,Fscn1
1705,Rnf216
1706,Kdelr2
1707,Cyth3
1708,Aimp2
1709,Pdap1
1710,Atp5j2
1711,Rpl21
1712,Gtf3a
1713,Flt3
1714,D5Ertd605e
1715,Flt1
1716,Mtus2
1717,Slc7a1
1718,5930430L01Rik
1719,Hmgb1
1720,Alox5ap
1721,BC028471
1722,Hsph1
1723,Fry
1724,Brca2
1725,Pds5b
1726,Rfc3
1727,Samd9l
1728,Hepacam2
1729,Ppp1r9a
1730,Slc25a13
1731,Dlx6
1732,Asns
1733,Rpa3
1734,Umad1
1735,Ndufa4
1736,Thsd7a
1737,Mdfic
1738,Tfec
1739,Cav2
1740,Met
1741,St7
1742,Lsm8
1743,Cadps2
1744,Ndufa5
1745,Snd1
1746,Rbm28
1747,Kcp
1748,Irf5
1749,Tspan33
1750,Smo
1751,Tmem209
1752,Ssmem1
1753,Cep41
1754,Mest
1755,Tsga13
1756,Podxl
1757,Plxna4
1758,Chchd3
1759,Exoc4
1760,Slc35b4
1761,Akr1b8
1762,Akr1b7
1763,Bpgm
1764,Stra8
1765,2010107G12Rik
1766,Nup205
1767,Mtpn
1768,1110001J03Rik
1769,Tbxas1
1770,1700025N23Rik
1771,Ndufb2
1772,Mrps33
1773,Ssbp1
1774,Clec5a
1775,Mgam
1776,Trbv1
1777,Trbv2
1778,Trbv3
1779,Trbv5
1780,Trbv12-1
1781,Trbv13-1
1782,Trbv16
1783,Trbv19
1784,Trbv21
1785,Trbv23
1786,Trbv26
1787,Trbv29
1788,Trbv30
1789,Prss2
1790,Trbc1
1791,Trbc2
1792,Ephb6
1793,Kel
1794,Fam131b
1795,Zyx
1796,Cul1
1797,Ezh2
1798,Pdia4
1799,Gm16630
1800,Zfp467
1801,Sspo
1802,Gm5111
1803,Gimap4
1804,Gimap7
1805,Gimap5
1806,Gimap3
1807,Tmem176b
1808,Tmem176a
1809,Gpnmb
1810,Mpp6
1811,Dfna5
1812,Osbpl3
1813,Cycs
1814,Hnrnpa2b1
1815,Cbx3
1816,Snx10
1817,Skap2
1818,Hoxa2
1819,Hoxa7
1820,Hoxa9
1821,Hibadh
1822,Creb5
1823,Chn2
1824,9530036M11Rik
1825,Prr15
1826,Wipf3
1827,Gars
1828,Inmt
1829,Lsm5
1830,Herc6
1831,Lancl2
1832,Gprin3
1833,Snca
1834,Ccser1
1835,Hpgds
1836,Tnip3
1837,Mad2l1
1838,Gng12
1839,Serbp1
1840,Il12rb2
1841,Il23r
1842,Tacstd2
1843,Gm43291
1844,Igkc
1845,Rpia
1846,Cd8b1
1847,Gm44175
1848,Cd8a
1849,Mrpl35
1850,Immt
1851,Polr1a
1852,St3gal5
1853,RP24-416M6.5
1854,Atoh8
1855,Usp39
1856,Vamp5
1857,Mat2a
1858,Capg
1859,Reg3g
1860,Gcfc2
1861,Mrpl19
1862,Eva1a
1863,Pole4
1864,Hk2
1865,RP23-81F19.2
1866,Htra2
1867,Dqx1
1868,Mogs
1869,Mthfd2
1870,Bola3
1871,Actg2
1872,Cd207
1873,Paip2b
1874,Dysf
1875,Gm5878
1876,Smyd5
1877,Pradc1
1878,Cct7
1879,Egr4
1880,Alms1
1881,Cml2
1882,Fam136a
1883,Snrpg
1884,Pcbp1
1885,Asprv1
1886,Mxd1
1887,Gmcl1
1888,Anxa4
1889,Aak1
1890,Nfu1
1891,Antxr1
1892,Prokr1
1893,Gm44201
1894,Gm44210
1895,Isy1
1896,Cnbp
1897,H1fx
1898,Rpn1
1899,Ruvbl1
1900,Mgll
1901,Podxl2
1902,Mcm2
1903,Chchd6
1904,Klf15
1905,Fbln2
1906,Chchd4
1907,Lsm3
1908,Fgd5
1909,Mrps25
1910,Suclg2
1911,Frmd4b
1912,Foxp1
1913,Pdzrn3
1914,Chl1
1915,Trnt1
1916,Bhlhe40
1917,Rad18
1918,Thumpd3
1919,Cpne9
1920,Il17re
1921,Prrt3
1922,Fancd2
1923,Sec13
1924,Atp2b2
1925,Tamm41
1926,Pparg
1927,Tsen2
1928,Mkrn2os
1929,Raf1
1930,Rpl32
1931,Mbd4
1932,Alox5
1933,Gm5580
1934,Rassf4
1935,Cxcl12
1936,Zfp239
1937,Bms1
1938,Ankrd26
1939,Gm44317
1940,4930540M05Rik
1941,Ccdc77
1942,Bid
1943,Mical3
1944,Tuba8
1945,Gm15856
1946,Usp18
1947,Klrg1
1948,Slc2a3
1949,C3ar1
1950,Clec4a1
1951,Clec4a3
1952,Clec4b1
1953,Clec4a2
1954,Clec4b2
1955,Clec4n
1956,Clec4d
1957,Clec4e
1958,Cd163
1959,Phb2
1960,Tpi1
1961,Usp5
1962,Cdca3
1963,P3h3
1964,Gpr162
1965,Cd4
1966,Lag3
1967,Ptms
1968,Mlf2
1969,Cops7a
1970,Pianp
1971,Nop2
1972,Gapdh
1973,Ncapd2
1974,Mrpl51
1975,Cd27
1976,Cd9
1977,Vwf
1978,Ndufa9
1979,Dyrk4
1980,Rad51ap1
1981,Ccnd2
1982,Tspan9
1983,Tulp3
1984,Gm26770
1985,Rhno1
1986,Foxm1
1987,Fkbp4
1988,Klrb1a
1989,Klrb1
1990,Klrb1c
1991,Klrb1b
1992,Gm44067
1993,BC035044
1994,Gm15987
1995,Klrb1f
1996,Clec2d
1997,2310001H17Rik
1998,Cd69
1999,Clec12a
2000,Clec9a
2001,Klre1
2002,Klrd1
2003,Klrk1
2004,Klrc2
2005,Klrc1
2006,Klri2
2007,Klra17
2008,Klra5
2009,Klra6
2010,Klra8
2011,Klra9
2012,Klra7
2013,Klra3
2014,Klra1
2015,Magohb
2016,Styk1
2017,Ybx3
2018,Smim10l1
2019,Etv6
2020,Bcl2l14
2021,Lockd
2022,Hebp1
2023,Gm19434
2024,Gsg1
2025,Emp1
2026,Gm8994
2027,Plbd1
2028,Wbp11
2029,Ptpro
2030,Eps8
2031,Strap
2032,Mgst1
2033,Recql
2034,Kcnj8
2035,A930014E10Rik
2036,C2cd5
2037,Sox5
2038,Bcat1
2039,Lrmp
2040,Kras
2041,Bhlhe41
2042,4930479D17Rik
2043,Fam60a
2044,Dennd5b
2045,Bicd1
2046,Myadm
2047,Tarm1
2048,Oscar
2049,Prpf31
2050,Tsen34
2051,Pirb
2052,Pira2
2053,Gm14548
2054,Lilra6
2055,Lair1
2056,Lilra5
2057,Ncr1
2058,Tnnt1
2059,Syt5
2060,Hspbp1
2061,Cox6b2
2062,Il11
2063,Tmem238
2064,Rpl28
2065,Ube2s
2066,Shisa7
2067,Ssc5d
2068,U2af2
2069,Gm20715
2070,Rps5
2071,Trim28
2072,Ube2m
2073,Lig1
2074,Ehd2
2075,C5ar1
2076,Bbc3
2077,Sae1
2078,Zc3h4
2079,Ptgir
2080,Calm3
2081,Ppp5c
2082,Pglyrp1
2083,Ccdc61
2084,Foxa3
2085,Dmwd
2086,Snrpd2
2087,Gpr4
2088,Opa3
2089,Vasp
2090,Fosb
2091,Cd3eap
2092,Ckm
2093,Exoc3l2
2094,Relb
2095,Apoc1
2096,Apoe
2097,Tomm40
2098,Bcl3
2099,Igsf23
2100,Plaur
2101,Zfp428
2102,Xrcc1
2103,Cd177
2104,Rps19
2105,Cd79a
2106,Pou2f2
2107,D930028M14Rik
2108,Pafah1b3
2109,Exosc5
2110,B9d2
2111,Axl
2112,Snrpa
2113,Blvrb
2114,Zfp60
2115,Psmc4
2116,Fcgbp
2117,Fbl
2118,Eid2
2119,Timm50
2120,Rps16
2121,Med29
2122,Nccrp1
2123,Mrps12
2124,Sars2
2125,RP23-36D15.9
2126,Actn4
2127,Ryr1
2128,Gm26604
2129,Rasgrp4
2130,Kcnk6
2131,Yif1b
2132,Polr2i
2133,Tyrobp
2134,Nfkbid
2135,Zbtb32
2136,Haus5
2137,Ffar2
2138,Ffar1
2139,Cd22
2140,Mag
2141,Lsr
2142,Fxyd5
2143,Scn1b
2144,Wtip
2145,Uba2
2146,Pepd
2147,Cebpg
2148,Cebpa
2149,Faap24
2150,Cep89
2151,Nudt19
2152,Pdcd5
2153,Tshz3
2154,Uri1
2155,Ccne1
2156,Pop4
2157,RP23-89C10.5
2158,Siglecf
2159,Siglecg
2160,Nkg7
2161,Etfb
2162,Cd33
2163,Siglece
2164,Klk8
2165,Klk1b27
2166,Shank1
2167,Spib
2168,Pold1
2169,Napsa
2170,Atf5
2171,Nup62
2172,Il4i1
2173,Ptov1
2174,Prmt1
2175,Fcgrt
2176,Aldh16a1
2177,Pih1d1
2178,Ccdc155
2179,Dkkl1
2180,Ruvbl2
2181,Nucb1
2182,Ppp1r15a
2183,Rpl18
2184,Grwd1
2185,Emp3
2186,Saal1
2187,Saa3
2188,Ldha
2189,Ldhc
2190,Tmem86a
2191,Ptpn5
2192,E2f8
2193,Nav2
2194,Prmt3
2195,Siglech
2196,Cyfip1
2197,Snrpn
2198,Klf13
2199,Trpm1
2200,Mphosph10
2201,Tjp1
2202,Snrpa1
2203,RP24-172H24.1
2204,Chsy1
2205,Lrrk1
2206,Aldh1a3
2207,Igf1r
2208,Fam169b
2209,RP24-331B9.1
2210,AU020206
2211,Mrpl46
2212,Mrps11
2213,Aen
2214,Isg20
2215,Acan
2216,Mfge8
2217,Rlbp1
2218,Fanci
2219,Ticrr
2220,Wdr93
2221,Anpep
2222,Idh2
2223,Ttll13
2224,Prc1
2225,Fes
2226,Furin
2227,Blm
2228,Rps17
2229,Homer2
2230,Tm6sf1
2231,Hdgfrp3
2232,Adamtsl3
2233,4933406J10Rik
2234,A530021J07Rik
2235,Mesdc1
2236,Ctsc
2237,Rab38
2238,Prss23
2239,l7Rn6
2240,Eed
2241,Sytl2
2242,Tmem126a
2243,Ccdc90b
2244,Rab30
2245,Ddias
2246,Prcp
2247,Tenm4
2248,Alg8
2249,Ndufc2
2250,Thrsp
2251,Kctd14
2252,Clns1a
2253,Aqp11
2254,Pak1
2255,Acer3
2256,Tsku
2257,Lrrc32
2258,Prkrir
2259,Serpinh1
2260,Rps3
2261,Gm10605
2262,Slco2b1
2263,Xrra1
2264,RP23-428N8.3
2265,Pold3
2266,Pgm2l1
2267,P4ha3
2268,Ucp3
2269,Mrpl48
2270,Plekhb1
2271,P2ry6
2272,P2ry2
2273,Pde2a
2274,Clpb
2275,Anapc15
2276,Il18bp
2277,Xndc1
2278,Art1
2279,Stim1
2280,Rrm1
2281,Hbb-bt
2282,Hbb-bs
2283,Ubqlnl
2284,Olfm5
2285,Trim34a
2286,Trim5
2287,Trim30b
2288,Trim30c
2289,Trim30a
2290,Trim30d
2291,Olfr658
2292,Mrpl17
2293,Nlrp10
2294,Lmo1
2295,Rpl27a
2296,Akip1
2297,Nrip3
2298,1600010M07Rik
2299,Ipo7
2300,Wee1
2301,Swap70
2302,Adm
2303,Dkk3
2304,Mical2
2305,Rras2
2306,Psma1
2307,Pde3b
2308,1110004F10Rik
2309,Plekha7
2310,Nucb2
2311,Xylt1
2312,Arl6ip1
2313,Itpripl2
2314,Coq7
2315,Ccp110
2316,Knop1
2317,Thumpd1
2318,Acsm3
2319,Eri2
2320,Eef2k
2321,Polr3e
2322,Cdr2
2323,Igsf6
2324,Gga2
2325,Ndufab1
2326,Palb2
2327,Plk1
2328,Chp2
2329,Lcmt1
2330,4933440M02Rik
2331,Nsmce1
2332,D430042O09Rik
2333,Lat
2334,Nfatc2ip
2335,Cd19
2336,Eif3c
2337,Apobr
2338,Nupr1
2339,Sgf29
2340,Sult1a1
2341,Bola2
2342,Mapk3
2343,Aldoa
2344,Hirip3
2345,Mvp
2346,Maz
2347,Kif22
2348,Spn
2349,Mylpf
2350,Zfp771
2351,Dctpp1
2352,Sephs2
2353,Itgal
2354,RP23-4H17.3
2355,Bcl7c
2356,Orai3
2357,Stx1b
2358,Vkorc1
2359,Bckdk
2360,Itgam
2361,Itgam-1
2362,Itgax
2363,Itgad
2364,Cox6a2
2365,Tial1
2366,Inpp5f
2367,Nsmce4a
2368,Tacc2
2369,Dmbt1
2370,Bub3
2371,Chst15
2372,Oat
2373,Adam12
2374,Dock1
2375,Mki67
2376,Glrx3
2377,Stk32c
2378,Utf1
2379,6430531B16Rik
2380,Adam8
2381,Tubgcp2
2382,Fuom
2383,Echs1
2384,Paox
2385,Cd163l1
2386,5830411N06Rik
2387,Syce1
2388,Zfp941
2389,Psmd13
2390,Nlrp6
2391,Ifitm2
2392,Ifitm1
2393,Ifitm3
2394,Ifitm6
2395,Rnh1
2396,Hras
2397,Irf7
2398,Sct
2399,Pidd1
2400,Rplp2
2401,Cracr2b
2402,Polr2l
2403,Tspan4
2404,Muc2
2405,Dusp8
2406,Tnni2
2407,Mrpl23
2408,H19
2409,Igf2
2410,Tssc4
2411,Kcnq1ot1
2412,Cdkn1c
2413,Slc22a18
2414,Cars
2415,Gm15579
2416,Ccnd1
2417,Plekhg1
2418,Mthfd1l
2419,Akap12
2420,Ccdc170
2421,Syne1
2422,Fbxo5
2423,Ipcef1
2424,Pcmt1
2425,Nup43
2426,Sash1
2427,Grm1
2428,Stx11
2429,Sf3b5
2430,Plagl1
2431,Ltv1
2432,Phactr2
2433,Fuca2
2434,Adgrg6
2435,Cited2
2436,Gm20655
2437,Gm10827
2438,Tnfaip3
2439,Ifngr1
2440,Pex7
2441,Map7
2442,Bclaf1
2443,Mtfr2
2444,Ahi1
2445,Myb
2446,Sgk1
2447,Rps12
2448,Vnn3
2449,Arg1
2450,Epb41l2
2451,Samd3
2452,Arhgap18
2453,Themis
2454,Cenpw
2455,Ncoa7
2456,Hddc2
2457,Rwdd1
2458,Fam26f
2459,Hdac2
2460,Marcks
2461,Tube1
2462,4930547M16Rik
2463,Slc16a10
2464,Rpf2
2465,Amd1
2466,Cdk19
2467,Cep57l1
2468,Sobp
2469,Cd24a
2470,Aim1
2471,Prep
2472,Lilr4b
2473,Lilrb4a
2474,Asf1a
2475,Gja1
2476,Pkib
2477,Fabp7
2478,Smpdl3a
2479,Ranbp2
2480,Sowahc
2481,Ddit4
2482,Spock2
2483,Chst3
2484,Psap
2485,Vsir
2486,Tbata
2487,Ppa1
2488,H2afy2
2489,Tspan15
2490,Srgn
2491,Ddx21
2492,Ccar1
2493,Dna2
2494,Pbld2
2495,Reep3
2496,Egr2
2497,Rtkn2
2498,Arid5b
2499,Tmem26
2500,Cdk1
2501,Slc16a9
2502,Bicc1
2503,Tfam
2504,Cisd1
2505,Zwint
2506,Gnaz
2507,Adora2a
2508,Upb1
2509,Snrpd3
2510,Ggt1
2511,Susd2
2512,Ddt
2513,Gstt1
2514,Mif
2515,Derl3
2516,Smarcb1
2517,Mmp11
2518,Chchd10
2519,Gm867
2520,Vpreb3
2521,Gm16222
2522,S100b
2523,Pcnt
2524,Spatc1l
2525,Col6a2
2526,Slc19a1
2527,Sumo3
2528,Lrrc3
2529,Trpm2
2530,Pfkl
2531,Aire
2532,Icosl
2533,Pdxk
2534,Madcam1
2535,Cdc34
2536,Gzmm
2537,Bsg
2538,Rnf126
2539,Fstl3
2540,Prss57
2541,Palm
2542,Ptbp1
2543,Wdr18
2544,Polr2e
2545,Atp5d
2546,Ndufs7
2547,Dazap1
2548,Rps15
2549,Plk5
2550,Gm15124
2551,Mbd3
2552,Uqcr11
2553,Tcf3
2554,Atp8b3
2555,Gm26710
2556,Sf3a2
2557,Jsrp1
2558,Lsm7
2559,Tmprss9
2560,Timm13
2561,Lmnb2
2562,Gadd45b
2563,Thop1
2564,Zbtb7a
2565,Matk
2566,Mrpl54
2567,Gm16315
2568,Gipc3
2569,Mfsd12
2570,Fzr1
2571,Dohh
2572,Nfic
2573,S1pr4
2574,Gna15
2575,1190007I07Rik
2576,Tdg
2577,Nfyb
2578,Txnrd1
2579,Slc41a2
2580,1500009L16Rik
2581,Nuak1
2582,Ckap4
2583,Pwp1
2584,Rtcb
2585,Bpifc
2586,Timp3
2587,Hsp90b1
2588,Stab2
2589,1700113H08Rik
2590,Igf1
2591,Parpbp
2592,Nup37
2593,Gnptab
2594,Chpt1
2595,Sycp3
2596,Spic
2597,Arl1
2598,Utp20
2599,Gas2l3
2600,Slc25a3
2601,Tmpo
2602,Elk3
2603,Lta4h
2604,Snrpf
2605,Ntn4
2606,Metap2
2607,Ndufa12
2608,Tmcc3
2609,Cep83
2610,Plxnc1
2611,Socs2
2612,Mrpl42
2613,Ube2n
2614,Nudt4
2615,Eea1
2616,Atp2b1
2617,Poc1b
2618,Gm16239
2619,Dusp6
2620,Kitl
2621,Cep290
2622,E2f7
2623,Csrp2
2624,Nap1l1
2625,Phlda1
2626,Gm26596
2627,Cct2
2628,Lyz2
2629,Lyz1
2630,Nup107
2631,Mdm1
2632,Ifng
2633,Llph
2634,Hmga2
2635,9230105E05Rik
2636,Msrb3
2637,Gns
2638,Rassf3
2639,Xpot
2640,Tsfm
2641,Mettl21b
2642,Mettl1
2643,Cdk4
2644,Tspan31
2645,B4galnt1
2646,Kif5a
2647,Mars
2648,Shmt2
2649,Lrp1
2650,Nab2
2651,Tmem194
2652,Rdh1
2653,Prim1
2654,Naca
2655,Ptges3
2656,Atp5b
2657,Timeless
2658,Stat2
2659,Cnpy2
2660,Cs
2661,Nabp2
2662,Esyt1
2663,Rpl41
2664,Pa2g4
2665,Rps26
2666,Ikzf4
2667,Cdk2
2668,Dgka
2669,Ormdl2
2670,Cd63
2671,1700019B03Rik
2672,C330021F23Rik
2673,Camsap3
2674,Retn
2675,Mcemp1
2676,Fcor
2677,Fcer2a
2678,Gm16553
2679,Cd209a
2680,Cd209e
2681,Cd209d
2682,Cd209c
2683,Cers4
2684,Shcbp1
2685,Lig4
2686,Tnfsf13b
2687,Carkd
2688,F10
2689,Tfdp1
2690,Gas6
2691,1700029H14Rik
2692,Rasa3
2693,Cdc16
2694,Tdrp
2695,Kbtbd11
2696,5830468F06Rik
2697,Mcph1
2698,Agpat5
2699,Gm15319
2700,Ckap2
2701,Vps36
2702,Vdac3
2703,Ikbkb
2704,Plat
2705,Ank1
2706,Gins4
2707,Ash2l
2708,Thap1
2709,Rab11fip1
2710,Eif4ebp1
2711,Mak16
2712,Wrn
2713,Tex15
2714,Gsr
2715,Gtf2e2
2716,Rbpms
2717,Dusp4
2718,Eri1
2719,D8Ertd82e
2720,Lonrf1
2721,Msr1
2722,Slc7a2
2723,Mtus1
2724,Pcm1
2725,Asah1
2726,Fam149a
2727,Tlr3
2728,Ankrd37
2729,Cenpu
2730,Primpol
2731,Casp3
2732,Ing2
2733,Dctd
2734,Neil3
2735,Spcs3
2736,Wdr17
2737,Hpgd
2738,Sap30
2739,Hmgb2
2740,2700029M09Rik
2741,Nek1
2742,Ddx60
2743,Msmo1
2744,March1
2745,Tma16
2746,Naf1
2747,Ints10
2748,Lpl
2749,Lzts1
2750,Pbx4
2751,2810428I15Rik
2752,Lrrc25
2753,Gdf15
2754,Lsm4
2755,Jund
2756,Ifi30
2757,Ccdc124
2758,Slc5a5
2759,Rpl18a
2760,Haus8
2761,Ushbp1
2762,Babam1
2763,Ankle1
2764,Mrpl34
2765,Plvap
2766,Bst2
2767,Mvb12a
2768,Pgls
2769,Colgalt1
2770,Fcho1
2771,Cyp4f18
2772,Tpm4
2773,Gm10282
2774,Klf2
2775,Hmgxb4
2776,Hmox1
2777,Mcm5
2778,Rasd2
2779,1700007B14Rik
2780,Arhgap10
2781,Rbmxl1
2782,Lsm6
2783,Smad1
2784,Otud4
2785,Abce1
2786,Gypa
2787,Smarca5
2788,Inpp4b
2789,Il15
2790,Rnf150
2791,Tbc1d9
2792,Ndufb7
2793,Ddx39
2794,Asf1b
2795,Samd1
2796,Il27ra
2797,Rln3
2798,Podnl1
2799,Gm26532
2800,Mri1
2801,Ier2
2802,Gm26664
2803,Trmt1
2804,Nfix
2805,Lyl1
2806,G430095P16Rik
2807,Gadd45gip1
2808,Rad23a
2809,Calr
2810,Syce2
2811,Klf1
2812,Dnase2a
2813,Rnaseh2a
2814,Prdx2
2815,Junb
2816,Wdr83os
2817,Vps35
2818,Orc6
2819,Mylk3
2820,N4bp1
2821,Gm2694
2822,Heatr3
2823,Cyld
2824,Rpgrip1l
2825,Mmp2
2826,Lpcat2
2827,Gnao1
2828,Nudt21
2829,Mt3
2830,Mt2
2831,Mt1
2832,Nup93
2833,9330175E14Rik
2834,Nlrc5
2835,Cpne2
2836,Ccl22
2837,Ccl17
2838,Ciapin1
2839,Polr2c
2840,Ccdc102a
2841,Adgrg5
2842,Adgrg1
2843,Adgrg3
2844,Cngb1
2845,Cfap20
2846,Gins3
2847,Got2
2848,Gm8730
2849,Cdh5
2850,Cdh16
2851,Rrad
2852,1700082M22Rik
2853,Cbfb
2854,E2f4
2855,Tppp3
2856,Ctcf
2857,Enkd1
2858,Gfod2
2859,Nutf2
2860,Dpep2
2861,Nfatc3
2862,Prmt7
2863,Smpd3
2864,Cdh3
2865,Cdh1
2866,Cirh1a
2867,Nip7
2868,Cyb5b
2869,Nfat5
2870,Nob1
2871,Rps26-ps1
2872,Psmd7
2873,Zfhx3
2874,Hp
2875,Zfp612
2876,Sf3b3
2877,Ddx19a
2878,Aars
2879,Rfwd3
2880,Mlkl
2881,Cfdp1
2882,Kars
2883,Terf2ip
2884,Maf
2885,Cmc2
2886,Cenpn
2887,Gcsh
2888,Pkd1l2
2889,Gan
2890,Plcg2
2891,Mphosph6
2892,Cdh13
2893,Osgin1
2894,Cotl1
2895,Usp10
2896,Crispld2
2897,6430548M08Rik
2898,Gins2
2899,Emc8
2900,Irf8
2901,Klhdc4
2902,Slc7a5
2903,Zfpm1
2904,Zc3h18
2905,Snai3
2906,Piezo1
2907,Cdt1
2908,Aprt
2909,Cbfa2t3
2910,Rpl13
2911,Cpne7
2912,Spata33
2913,Fanca
2914,Tubb3
2915,4732419C18Rik
2916,Ccsap
2917,Nup133
2918,Taf5l
2919,2810004N23Rik
2920,Kcnk1
2921,Tomm20
2922,Rbm34
2923,Nrp1
2924,Itgb1
2925,Gm3667
2926,Dnase1l3
2927,Rpp14
2928,Thoc7
2929,Psmd6
2930,Slc4a7
2931,Rarb
2932,Rpl15
2933,Ube2e1
2934,Gng2
2935,Dnajc9
2936,Chchd1
2937,Plau
2938,Adk
2939,Vdac2
2940,Comtd1
2941,Zfp503
2942,Gm26772
2943,Ppif
2944,Dnah12
2945,Ccdc66
2946,Il17rb
2947,Chdh
2948,Tkt
2949,Prkcd
2950,Sfmbt1
2951,Gnl3
2952,Nt5dc2
2953,Stab1
2954,Sh3bp5
2955,Mettl6
2956,Colq
2957,Dph3
2958,Wdfy4
2959,Arhgap22
2960,Rpl23a-ps3
2961,Mmrn2
2962,Fam213a
2963,Ear2
2964,Psmc6
2965,Gnpnat1
2966,Cdkn3
2967,Cnih1
2968,Samd4
2969,Gm10371
2970,Gch1
2971,Wdhd1
2972,Lgals3
2973,Dlgap5
2974,Tlr11
2975,Parp2
2976,Tep1
2977,Gm26782
2978,Osgep
2979,Apex1
2980,Pnp
2981,Rnase4
2982,Rnase6
2983,Rnase2a
2984,Hnrnpc
2985,Rpgrip1
2986,Supt16
2987,Trav1
2988,Trav2
2989,Trav3-1
2990,Trav5-1
2991,Trav6-1
2992,Trav7-1
2993,Trav6-2
2994,Trav7d-2
2995,Trav4d-2
2996,Trav7d-3
2997,Trav6d-4
2998,Trav7d-4
2999,Trav8d-1
3000,Trav6d-5
3001,Trav10d
3002,Trav13d-1
3003,Trav9d-4
3004,Trav8d-2
3005,Trav16d-dv11
3006,Trav13d-4
3007,Trav14d-3-dv8
3008,Trav7n-4
3009,Trav9n-1
3010,Trav10n
3011,Trav6n-6
3012,Trav11n
3013,Trav13n-1
3014,Trav9n-4
3015,Trav13n-3
3016,Trav8n-2
3017,Trav16n
3018,Trav13n-4
3019,Trav14n-3
3020,Trav4-2
3021,Trav7-3
3022,Trav6-4
3023,Trav7-4
3024,Trav8-1
3025,Trav9-1
3026,Trav6-5
3027,Trav10
3028,Trav11
3029,Trav7-5
3030,Trav12-1
3031,Trav13-1
3032,Trav14-1
3033,Trav15-1-dv6-1
3034,Trav9-2
3035,Trav4-3
3036,Trav12-2
3037,Trav12-3
3038,Trav13-2
3039,Trav14-2
3040,Trav15-2-dv6-2
3041,Trav3-3
3042,Trav9-4
3043,Trav4-4-dv10
3044,Trav5-4
3045,Trav6-7-dv9
3046,Trav7-6
3047,Trav8-2
3048,Trav16
3049,Trav13-4-dv7
3050,Trav14-3
3051,Trav15-3
3052,Trav3-4
3053,B230359F08Rik
3054,Trav17
3055,Trav18
3056,Trav19
3057,Trav20
3058,Trav21-dv12
3059,Trdv1
3060,Gm43647
3061,Trdv2-1
3062,Trdv2-2
3063,Trav23
3064,Trdv4
3065,Trdc
3066,Trdv5
3067,Traj58
3068,Trac
3069,Slc7a7
3070,Prmt5
3071,Haus4
3072,Psmb5
3073,Psmb11
3074,Slc7a8
3075,Zfhx2
3076,Dhrs4
3077,Emc9
3078,Psme2
3079,Irf9
3080,Ipo4
3081,Tinf2
3082,Tgm1
3083,Nop9
3084,Ltb4r1
3085,Adcy4
3086,Ripk3
3087,Sdr39u1
3088,Gzmc
3089,Gzmb
3090,Pspc1
3091,Gjb2
3092,Cryl1
3093,Sap18
3094,Ska3
3095,Mrpl57
3096,Phf11b
3097,Phf11c
3098,Mipepos
3099,Sacs
3100,Kpna3
3101,Gm27010
3102,Rnaseh2b
3103,4931440J10Rik
3104,Ctsb
3105,Fdft1
3106,Blk
3107,Fam167a
3108,Pinx1
3109,Pbk
3110,Esco2
3111,Ccdc25
3112,Scara3
3113,Clu
3114,Ephx2
3115,Dpysl2
3116,Cdca2
3117,Nefm
3118,Adamdec1
3119,Stc1
3120,Slc25a37
3121,Gm27177
3122,Loxl2
3123,Egr3
3124,Sorbs3
3125,Polr3d
3126,Reep4
3127,Hr
3128,Dmtn
3129,Xpo7
3130,Gfra2
3131,Gm16549
3132,Lcp1
3133,Gtf2f2
3134,Nufip1
3135,Tsc22d1
3136,Serp2
3137,Lacc1
3138,Enox1
3139,Dnajc15
3140,Epsti1
3141,Tnfsf11
3142,Rgcc
3143,Naa16
3144,Diaph3
3145,Mzt1
3146,Bora
3147,Dis3
3148,Klf5
3149,Klf12
3150,Tbc1d4
3151,Uchl3
3152,Lmo7
3153,Kctd12
3154,Rnf219
3155,Gm10076
3156,Spry2
3157,Mir17hg
3158,Cldn10
3159,Rap2a
3160,Ipo5
3161,Slc15a1
3162,Dock9
3163,Gpr18
3164,Gpr183
3165,Clybl
3166,Gm26870
3167,Aasdhppt
3168,Casp1
3169,Casp4
3170,Dync2h1
3171,Dcun1d5
3172,Mmp12
3173,Tmem123
3174,Birc3
3175,Maml2
3176,Cep57
3177,Sesn3
3178,Endod1
3179,Amotl1
3180,Fut4
3181,Mre11a
3182,Gpr83
3183,Izumo1r
3184,Taf1d
3185,Cep295
3186,Smco4
3187,Naalad2
3188,Pin1
3189,A230050P20Rik
3190,Ppan
3191,Eif3g
3192,Dnmt1
3193,Mrpl4
3194,Icam1
3195,Fdx1l
3196,Cdkn2d
3197,Ilf3
3198,AB124611
3199,Carm1
3200,Smarca4
3201,Ldlr
3202,Spc24
3203,Epor
3204,Elavl3
3205,Elof1
3206,Zfp599
3207,Anln
3208,9530077C05Rik
3209,Dpy19l1
3210,Thyn1
3211,Ncapd3
3212,Fli1
3213,Ets1
3214,Kirrel3
3215,St3gal4
3216,Dcps
3217,Hyls1
3218,Chek1
3219,Pknox2
3220,Ccdc15
3221,Hepacam
3222,Robo3
3223,Esam
3224,Nrgn
3225,Vwa5a
3226,Gramd1b
3227,Hspa8
3228,Crtam
3229,Ubash3b
3230,Sorl1
3231,Oaf
3232,Pvrl1
3233,Thy1
3234,Rnf26
3235,Gm26737
3236,Abcg4
3237,H2afx
3238,Hmbs
3239,Hyou1
3240,Rps25
3241,Foxr1
3242,C030014I23Rik
3243,Cxcr5
3244,Atp5l
3245,Cd3g
3246,Cd3d
3247,Cd3e
3248,Mpzl2
3249,Amica1
3250,Scn2b
3251,Scn4b
3252,Il10ra
3253,Fxyd6
3254,Fxyd2
3255,Apoa1
3256,Cadm1
3257,Nxpe2
3258,Rexo2
3259,Zbtb16
3260,Zw10
3261,Ncam1
3262,Plet1
3263,Il18
3264,Sdhd
3265,Timm8b
3266,Dlat
3267,Dixdc1
3268,Sik2
3269,Pou2af1
3270,Arhgap20
3271,Arhgap20os
3272,Fdx1
3273,Rdx
3274,Zc3h12c
3275,Ddx10
3276,4930510E17Rik
3277,Exph5
3278,Atm
3279,Npat
3280,Idh3a
3281,Wdr61
3282,Psma4
3283,Etfa
3284,Sin3a
3285,Scamp5
3286,Cox5a
3287,Islr2
3288,Pml
3289,Rec114
3290,Adpgk
3291,Pkm
3292,Myo9a
3293,1700036A12Rik
3294,Uaca
3295,Rplp1
3296,Kif23
3297,Paqr5
3298,Anp32a
3299,Iqch
3300,Smad3
3301,Zwilch
3302,Rpl4
3303,Tipin
3304,Dennd4a
3305,Plekho2
3306,Pif1
3307,2810417H13Rik
3308,Snx22
3309,Fam96a
3310,Dapk2
3311,Car12
3312,Aph1c
3313,Rps27l
3314,Lactb
3315,Rora
3316,Ice2
3317,Anxa2
3318,Foxb1
3319,Gtf2a2
3320,Myo1e
3321,Ccnb2
3322,Myzap
3323,Tcf12
3324,Gm27188
3325,BC065403
3326,Mns1
3327,Gm27231
3328,Tex9
3329,Nedd4
3330,Rab27a
3331,Rsl24d1
3332,Arpp19
3333,Myo5a
3334,Leo1
3335,Tmod2
3336,Lysmd2
3337,Gclc
3338,Elovl5
3339,Gsta4
3340,4930542C12Rik
3341,Mb21d1
3342,Eef1a1
3343,Col12a1
3344,Cox7a2
3345,Myo6
3346,Htr1b
3347,Irak1bp1
3348,Hmgn3
3349,Sh3bgrl2
3350,Elovl4
3351,Ttk
3352,Fam46a
3353,Cep162
3354,Nt5e
3355,Syncrip
3356,Trim43a
3357,Bcl2a1d
3358,Bcl2a1a
3359,4930579C12Rik
3360,Bcl2a1b
3361,Tmed3
3362,Ctsh
3363,Plscr1
3364,Plscr2
3365,Plod2
3366,1190002N15Rik
3367,Chst2
3368,U2surp
3369,Paqr9
3370,Pls1
3371,Atr
3372,Tfdp2
3373,Atp1b3
3374,Rnf7
3375,Zbtb38
3376,Mrps22
3377,Cep70
3378,Dbr1
3379,Anapc13
3380,Trf
3381,Topbp1
3382,Cdv3
3383,Mrpl3
3384,Ppm1m
3385,Poc1a
3386,Rpl29
3387,Abhd14a
3388,Gm28959
3389,Gpr62
3390,Rrp9
3391,Vprbp
3392,Manf
3393,Mapkapk3
3394,Cish
3395,Ifrd2
3396,Traip
3397,Fam212a
3398,Gpx1
3399,Impdh2
3400,Prkar2a
3401,Nme6
3402,Camp
3403,Cdc25a
3404,Smarcc1
3405,Ngp
3406,Prss50
3407,Tmie
3408,Tdgf1
3409,Lrrc2
3410,Ltf
3411,Ccrl2
3412,Mlh1
3413,Arpp21
3414,2900079G21Rik
3415,Ccr4
3416,Cmtm7
3417,Gadl1
3418,Gm26614
3419,Eomes
3420,Itga9
3421,Ctdspl
3422,Dlec1
3423,Oxsr1
3424,Scn5a
3425,Cx3cr1
3426,Rpsa
3427,Rpl14
3428,Vipr1
3429,Higd1a
3430,Gm26797
3431,9530059O14Rik
3432,Kif15
3433,Zdhhc3
3434,Exosc7
3435,Tmem158
3436,Ccr9
3437,Lztfl1
3438,Cxcr6
3439,Xcr1
3440,Ccr1
3441,Ccr3
3442,Ccr2
3443,Ccr5
3444,Drg1
3445,Patz1
3446,Pik3ip1
3447,Limk2
3448,Smtn
3449,Osbp2
3450,Dusp18
3451,Tcn2
3452,Pes1
3453,Sf3a1
3454,Uqcr10
3455,Nefh
3456,Ewsr1
3457,Xbp1
3458,Mrps24
3459,Pgam2
3460,Aebp1
3461,Pold2
3462,Myl7
3463,Ddx56
3464,Ppia
3465,H2afv
3466,Tbrg4
3467,Ramp3
3468,Tns3
3469,Hus1
3470,Upp1
3471,Ikzf1
3472,Fignl1
3473,Ddc
3474,Grb10
3475,4930554G24Rik
3476,Plek
3477,Pno1
3478,Etaa1
3479,Rab1a
3480,Mdh1
3481,Commd1
3482,Cct4
3483,Xpo1
3484,0610010F05Rik
3485,Rel
3486,Bcl11a
3487,Fancl
3488,Gm6685
3489,Pnpt1
3490,Cfap36
3491,Ccdc88a
3492,Rps27a
3493,Stc2
3494,Snrnp25
3495,Rhbdf1
3496,Hba-a1
3497,Hba-a2
3498,Sh3pxd2b
3499,Stk10
3500,Npm1
3501,Kcnip1
3502,Lcp2
3503,Spdl1
3504,Slit3
3505,Rars
3506,Hmmr
3507,Nudcd2
3508,Il12b
3509,Ublcp1
3510,Ebf1
3511,Thg1l
3512,Adam19
3513,Med7
3514,Havcr2
3515,Havcr1
3516,Timd4
3517,Gnb2l1
3518,Trim7
3519,Irgm1
3520,Psme2b
3521,Tgtp1
3522,9930111J21Rik2
3523,Tgtp2
3524,Ifi47
3525,3010026O09Rik
3526,Ltc4s
3527,Canx
3528,Cby3
3529,Adamts2
3530,Hnrnpab
3531,Nhp2
3532,0610009B22Rik
3533,Cdkn2aipnl
3534,Tcf7
3535,Vdac1
3536,Hspa4
3537,Zcchc10
3538,Uqcrq
3539,Kif3a
3540,Il4
3541,Il13
3542,Rad50
3543,Irf1
3544,Gm12216
3545,Pdlim4
3546,Csf2
3547,Hint1
3548,Gpx3
3549,Anxa6
3550,Gm2a
3551,Slc36a3os
3552,Sparc
3553,G3bp1
3554,Gm12243
3555,4933424L21Rik
3556,Larp1
3557,Igtp
3558,Irgm2
3559,Rnf187
3560,Hist3h2ba
3561,Hist3h2a
3562,Guk1
3563,Mrpl55
3564,Nlrp3
3565,Cops3
3566,Med9
3567,Atpaf2
3568,Gid4
3569,Drg2
3570,Myo15
3571,Shmt1
3572,Slc5a10
3573,Specc1
3574,Adora2b
3575,Cenpv
3576,Ubb
3577,Gm12280
3578,Zfp287
3579,Pmp22
3580,Hs3st3b1
3581,2810001G20Rik
3582,Gas7
3583,Pik3r6
3584,Myh10
3585,Rpl26
3586,Rangrf
3587,Pfas
3588,Ctc1
3589,Aurkb
3590,Tmem107
3591,Hes7
3592,Cntrob
3593,Trappc1
3594,Chd3os
3595,Naa38
3596,Cd68
3597,Eif4a1
3598,Tnfsf12
3599,Tmem256
3600,Eif5a
3601,Ybx2
3602,Cldn7
3603,Elp5
3604,Mgl2
3605,Clec10a
3606,Slc16a11
3607,0610010K14Rik
3608,Alox15
3609,Pelp1
3610,Cxcl16
3611,Zmynd15
3612,Tm4sf5
3613,Psmb6
3614,Eno3
3615,Spag7
3616,Scimp
3617,Nup88
3618,Rpain
3619,C1qbp
3620,6330403K07Rik
3621,Fam64a
3622,Txndc17
3623,Xaf1
3624,Smtnl2
3625,Mybbp1a
3626,Spns2
3627,P2rx1
3628,Itgae
3629,Gsg2
3630,Rap1gap2
3631,Cluh
3632,Mettl16
3633,Tsr1
3634,Rpa1
3635,Smyd4
3636,Serpinf1
3637,Prpf8
3638,Myo1c
3639,Ywhae
3640,Fam101b
3641,Glod4
3642,Nxn
3643,Cpd
3644,Blmh
3645,Slc6a4
3646,Rpl23a
3647,Spag5
3648,Unc119
3649,Poldip2
3650,Tmem97
3651,Lyrm9
3652,Lgals9
3653,AU040972
3654,Evi2a
3655,Utp6
3656,Suz12
3657,Atad5
3658,Adap2
3659,Adap2os
3660,5730455P16Rik
3661,Ccl12
3662,Ccl8
3663,Ccl1
3664,Nle1
3665,Slfn5
3666,Slfn9
3667,Slfn8
3668,Slfn1
3669,Slfn4
3670,AI662270
3671,Taf15
3672,Ccl5
3673,Ccl9
3674,Ccl6
3675,Ccl3
3676,Ccl4
3677,Wfdc17
3678,Wfdc18
3679,Wfdc21
3680,Dusp14
3681,Tada2a
3682,Acaca
3683,Aatf
3684,Znhit3
3685,1700125H20Rik
3686,Brip1
3687,Brip1os
3688,Tubd1
3689,Ptrh2
3690,Ypel2
3691,Prr11
3692,Ska2
3693,Trim37
3694,Ppm1e
3695,Mtmr4
3696,Rnf43
3697,Bzrap1
3698,Dynll2
3699,2010015M23Rik
3700,Srsf1
3701,Akap1
3702,Scpep1
3703,Gm11496
3704,Trim25
3705,Dgke
3706,Dgkeos
3707,Gm525
3708,Mmd
3709,Utp18
3710,Nme2
3711,Nme1
3712,Abcc3
3713,Chad
3714,Lrrc59
3715,Eme1
3716,Mrpl27
3717,Samd14
3718,Dlx4os
3719,Tac4
3720,Ngfr
3721,Phb
3722,Gip
3723,Snf8
3724,Atp5g1
3725,Calcoco2
3726,Cbx1
3727,Tbx21
3728,Tbkbp1
3729,Kpnb1
3730,Mrpl45
3731,Cisd3
3732,Pcgf2
3733,Psmb3
3734,Gm11614
3735,Rpl23
3736,Cacnb1
3737,Rpl19
3738,Stac2
3739,Pnmt
3740,Ikzf3
3741,Psmd3
3742,Thra
3743,Cdc6
3744,Top2a
3745,Igfbp4
3746,Tns4
3747,Ccr7
3748,Krt28
3749,Krt10
3750,Krt17
3751,Hap1
3752,Jup
3753,P3h4
3754,Nt5c3b
3755,Acly
3756,Dhx58
3757,Kat2a
3758,Kcnh4
3759,Ghdc
3760,Stat5b
3761,Stat5a
3762,Ptrf
3763,Psmc3ip
3764,Tubg1
3765,Cntnap1
3766,Ccr10
3767,Psme3
3768,Ifi35
3769,Vat1
3770,Brca1
3771,Tmem106a
3772,Rdm1
3773,Dusp3
3774,Mpp3
3775,Cd300lg
3776,Mpp2
3777,BC030867
3778,Slc25a39
3779,Grn
3780,Itga2b
3781,Adam11
3782,Eftud2
3783,Ccdc103
3784,Kif18b
3785,Dcakd
3786,Arhgap27os1
3787,Wnt3
3788,Cdc27
3789,Myl4
3790,Itgb3
3791,Gm11639
3792,Mrc2
3793,Tanc2
3794,Kcnh6
3795,Ftsj3
3796,Psmc5
3797,Cd79b
3798,Icam2
3799,Pecam1
3800,Milr1
3801,Smurf2
3802,Gm11707
3803,Kpna2
3804,Gm11715
3805,Nol11
3806,Pitpnc1
3807,Psmd12
3808,Cacng4
3809,Gm15642
3810,Slc16a6
3811,Wipi1
3812,Fam20a
3813,1700012B07Rik
3814,Abca9
3815,Abca5
3816,Kcnj16
3817,Sstr2
3818,Cpsf4l
3819,Rpl38
3820,Gprc5c
3821,Cd300a
3822,Cd300lb
3823,Cd300c
3824,Cd300ld
3825,AF251705
3826,Cd300lf
3827,Ict1
3828,Ict1os
3829,Atp5h
3830,Hn1
3831,Sumo2
3832,Nup85
3833,Mrps7
3834,Mif4gd
3835,Smim5
3836,Sap30bpos
3837,Galk1
3838,H3f3b
3839,Mrpl38
3840,Srp68
3841,Gm26730
3842,Rnf157
3843,Ubald2
3844,Ube2o
3845,Aanat
3846,BC018473
3847,Srsf2
3848,Syngr2
3849,Tk1
3850,Birc5
3851,Socs3
3852,Timp2
3853,Lgals3bp
3854,Cbx2
3855,Eif4a3
3856,Rnf213
3857,Endov
3858,Baiap2
3859,Tspan10
3860,Mrpl12
3861,Slc25a10
3862,P4hb
3863,Alyref
3864,Anapc11
3865,Mafg
3866,Stra13
3867,Cbr2
3868,Dus1l
3869,Fasn
3870,Slc16a3
3871,Cd7
3872,Metrnl
3873,Gdi2
3874,Net1
3875,Akr1c18
3876,Akr1c13
3877,Akr1c12
3878,Akr1e1
3879,Klf6
3880,Pitrm1
3881,Pfkp
3882,Idi1
3883,Gtpbp4
3884,Larp4b
3885,Ryr2
3886,Actn2
3887,Heatr1
3888,Edaradd
3889,Lyst
3890,Psma2
3891,Inhba
3892,Tcrg-V7
3893,Tcrg-V4
3894,Tcrg-V5
3895,Tcrg-C1
3896,Tcrg-V3
3897,Tcrg-C3
3898,Tcrg-C2
3899,Trgv2
3900,Gm16602
3901,Tcrg-C4
3902,Stard3nl
3903,A530099J19Rik
3904,Gpr141
3905,Trim27
3906,Hist1h2ai
3907,Hist1h2bm
3908,Hist1h2ak
3909,Hist1h2bn
3910,Hist1h1b
3911,Hist1h3i
3912,Hist1h2an
3913,Hist1h2bp
3914,Hist1h2ap
3915,Hist1h4i
3916,Hist1h2ag
3917,Hist1h2bj
3918,Hist1h4h
3919,Hist1h2af
3920,Hist1h2bh
3921,Hist1h3f
3922,Hist1h1d
3923,Hist1h3e
3924,Hist1h2ae
3925,Hist1h2bf
3926,Hist1h4d
3927,Hist1h2be
3928,Hist1h1e
3929,Hist1h2ac
3930,Hist1h2bc
3931,Hist1h4c
3932,Hfe
3933,Hist1h1c
3934,Hist1h3c
3935,Hist1h2bb
3936,Hist1h2ab
3937,Hist1h3b
3938,Hist1h4a
3939,Hist1h3a
3940,Hist1h1a
3941,Cmah
3942,Fam65b
3943,Gmnn
3944,Tdp2
3945,Sox4
3946,E2f3
3947,Gm11365
3948,Uqcrfs1
3949,Irf4
3950,Gmds
3951,Serpinb1a
3952,Serpinb6b
3953,Serpinb9
3954,Ripk1
3955,Tubb2a
3956,Tubb2b
3957,Psmg4
3958,Pxdc1
3959,Rpp40
3960,Lyrm4
3961,Nrn1
3962,F13a1
3963,Ly86
3964,Rreb1
3965,Ssr1
3966,Dsp
3967,Txndc5
3968,Eef1e1
3969,Gcnt2
3970,Tmem14c
3971,Elovl2
3972,Hivep1
3973,Phactr1
3974,Tbc1d7
3975,Nol7
3976,Rnf182
3977,Cd83
3978,Dtnbp1
3979,Atxn1
3980,Rbm24
3981,Dek
3982,Ninj1
3983,Cenpp
3984,Ogn
3985,Nol8
3986,Iars
3987,Nxnl2
3988,Cks2
3989,Gadd45g
3990,Diras2
3991,Syk
3992,Sfxn1
3993,Thoc3
3994,Nop16
3995,Cltb
3996,Hk3
3997,Prelid1
3998,Mxd3
3999,Prr7
4000,Dbn1
4001,Pdlim7
4002,Ddx46
4003,Pcbd2
4004,H2afy
4005,Tifab
4006,Tgfbi
4007,Gkap1
4008,Golm1
4009,Ctla2b
4010,Ctla2a
4011,Ercc6l2
4012,Zfp367
4013,Cdc14b
4014,Ctsl
4015,Uqcrb
4016,Gm17039
4017,Papd7
4018,Nsun2
4019,Ndufs6
4020,Mrpl36
4021,Slc6a19
4022,Trip13
4023,Cep72
4024,Pcsk1
4025,Glrx
4026,Rhobtb3
4027,Gpr150
4028,Mctp1
4029,Slf1
4030,Cetn3
4031,Mef2c
4032,Ccnh
4033,Cox7c
4034,Edil3
4035,Hapln1
4036,Vcan
4037,Rps23
4038,Dhfr
4039,Ankrd34b
4040,Arsb
4041,Lhfpl2
4042,Pde8b
4043,Zbed3
4044,Crhbp
4045,F2rl1
4046,F2r
4047,Iqgap2
4048,F2rl2
4049,Poc5
4050,Ankdd1b
4051,Polk
4052,Hmgcr
4053,Hexb
4054,Utp15
4055,Btf3
4056,Tnpo1
4057,Mrps27
4058,Serf1
4059,Smn1
4060,Naip2
4061,Naip6
4062,Ak6
4063,Mrps36
4064,Cenph
4065,Ccnb1
4066,Cd180
4067,Srek1
4068,Cenpk
4069,2610204G07Rik
4070,4933425L06Rik
4071,Rnf180
4072,Dimt1
4073,Kif2a
4074,Zswim6
4075,Ndufaf2
4076,Depdc1b
4077,Gapt
4078,Plk2
4079,Il31ra
4080,Plpp1
4081,Skiv2l2
4082,Dhx29
4083,Gzma
4084,Esm1
4085,Snx18
4086,Fst
4087,Itga1
4088,Hcn1
4089,Gm7120
4090,Hmgcs1
4091,Nim1k
4092,Cenpo
4093,Ptrhd1
4094,Sf3b6
4095,Fkbp1b
4096,Ubxn2a
4097,Rhob
4098,Sdc1
4099,Ttc32
4100,Gen1
4101,Smc6
4102,Fam49a
4103,Mycn
4104,Ddx1
4105,Fam84a
4106,E2f6
4107,Rock2
4108,Pqlc3
4109,Kcnf1
4110,Pdia6
4111,Nol10
4112,Odc1
4113,Ywhaq
4114,Rrm2
4115,Id2
4116,Rnf144a
4117,Rsad2
4118,Cmpk2
4119,Rps7
4120,Acp1
4121,Dld
4122,Bcap29
4123,Dus4l
4124,Hbp1
4125,Prkar2b
4126,Nampt
4127,Sypl
4128,Ahr
4129,Bzw2
4130,Lrrc72
4131,Etv1
4132,Arl4aos
4133,Scin
4134,Ifrd1
4135,Lrrn3
4136,Stxbp6
4137,G2e3
4138,Dtd2
4139,Arhgap5
4140,1700031P21Rik
4141,Akap6
4142,Egln3
4143,Sptssa
4144,Baz1a
4145,Ppp2r3c
4146,1110008L16Rik
4147,Psma6
4148,Nfkbia
4149,Gemin2
4150,Pnn
4151,Ctage5
4152,Fkbp3
4153,Fancm
4154,Mis18bp1
4155,Lrr1
4156,Rpl36al
4157,Dnaaf2
4158,Pole2
4159,Klhdc1
4160,Klhdc2
4161,L2hgdh
4162,Gm3086
4163,Nin
4164,Pygl
4165,Frmd6
4166,Psma3
4167,Timm9
4168,Rtn1
4169,Tmem30b
4170,Prkch
4171,Wdr89
4172,Syne2
4173,Mthfd1
4174,Fut8
4175,Gphn
4176,Eif2s1
4177,Arg2
4178,Zfp36l1
4179,Actn1
4180,Erh
4181,Rgs6
4182,Syndig1l
4183,Fcf1
4184,Ylpm1
4185,Zc2hc1c
4186,Fos
4187,Batf
4188,0610007P14Rik
4189,Tgfb3
4190,Ahsa1
4191,Slirp
4192,Cep128
4193,Gtf2a1
4194,Gpr65
4195,Kcnk10
4196,1700064M15Rik
4197,Efcab11
4198,Tdp1
4199,Kcnk13
4200,Psmc1
4201,Gpr68
4202,Tc2n
4203,Cpsf2
4204,Lgmn
4205,Gm20069
4206,Ubr7
4207,Asb2
4208,Ifi27
4209,Ifi27l2a
4210,Serpina3f
4211,Serpina3g
4212,Clmn
4213,Glrx5
4214,Vrk1
4215,Gm15208
4216,Dlk1
4217,Meg3
4218,Hsp90aa1
4219,Cinp
4220,A230065H16Rik
4221,Exoc3l4
4222,Gm10425
4223,Tnfaip2
4224,Ckb
4225,Trmt61a
4226,Adssl1
4227,Siva1
4228,Akt1
4229,Pld4
4230,Ahnak2
4231,Cdca4
4232,Mta1
4233,Crip2
4234,Crip1
4235,4930427A07Rik
4236,Tmem121
4237,Igha
4238,Ighg2b
4239,Ighd
4240,Ighm
4241,Ighv1-77
4242,Wdr60
4243,Ncapg2
4244,Gm5441
4245,Cdca7l
4246,Sp4
4247,Itgb8
4248,Sepp1
4249,Oxct1
4250,Card6
4251,Rpl37
4252,Ptger4
4253,Dab2
4254,Fyb
4255,Lifr
4256,Nup155
4257,Skp2
4258,Il7r
4259,Spef2
4260,Prlr
4261,Dnajc21
4262,Brix1
4263,Rai14
4264,Tars
4265,Drosha
4266,Cdh10
4267,Basp1
4268,Myo10
4269,Fam134b
4270,Trio
4271,Ctnnd2
4272,Dap
4273,Ankrd33b
4274,Cmbl
4275,Cct5
4276,Mtdh
4277,Laptm4b
4278,Hrsp12
4279,Pop1
4280,Polr2k
4281,Pabpc1
4282,Klf10
4283,Azin1
4284,Dcaf13
4285,Abra
4286,Angpt1
4287,Nudcd1
4288,Eny2
4289,Trps1
4290,Rad21
4291,Gm10020
4292,Med30
4293,Enpp2
4294,Dscc1
4295,Gm9920
4296,Deptor
4297,Col14a1
4298,Mrpl13
4299,Mtbp
4300,Tbc1d31
4301,Fam83a
4302,9130401M01Rik
4303,Atad2
4304,Fbxo32
4305,Fer1l6
4306,Tmem65
4307,Ndufb9
4308,Sqle
4309,Nsmce2
4310,Trib1
4311,Myc
4312,Tmem71
4313,Ndrg1
4314,Ptp4a3
4315,Them6
4316,Ly6d
4317,Ly6k
4318,Gml
4319,Ly6e
4320,Ly6a
4321,Ly6c1
4322,Ly6c2
4323,Eef1d
4324,Pycrl
4325,Gpaa1
4326,Cyc1
4327,Bop1
4328,Scx
4329,Cpsf1
4330,Recql4
4331,Arhgap39
4332,Rpl8
4333,Apol9a
4334,Apol7c
4335,Apol9b
4336,Apol8
4337,Ift27
4338,Ncf4
4339,Csf2rb2
4340,Csf2rb
4341,Il2rb
4342,Cyth4
4343,Mfng
4344,Lgals1
4345,H1f0
4346,Gcat
4347,Eif3l
4348,Polr2f
4349,Cby1
4350,Josd1
4351,Apobec3
4352,Pdgfb
4353,Rpl3
4354,Rps19bp1
4355,Adsl
4356,St13
4357,Gm17025
4358,L3mbtl2
4359,Rangap1
4360,Phf5a
4361,Aco2
4362,Polr3h
4363,Pmm1
4364,Xrcc6
4365,Desi1
4366,Nhp2l1
4367,Mei1
4368,Srebf2
4369,Cenpm
4370,Sept3
4371,Naga
4372,Pnpla3
4373,Samm50
4374,Prr5
4375,Arhgap8
4376,Gm29666
4377,Nup50
4378,5031439G07Rik
4379,Fbln1
4380,Gtse1
4381,Zbed4
4382,Creld2
4383,Plxnb2
4384,Lmf2
4385,Ncaph2
4386,Syce3
4387,C730034F03Rik
4388,Abcd2
4389,Lrrk2
4390,Cntn1
4391,Zcrb1
4392,Pphln1
4393,Adamts20
4394,Scaf11
4395,Slc38a1
4396,Amigo2
4397,Pced1b
4398,Rpap3
4399,Endou
4400,Rapgef3
4401,Vdr
4402,Tmem106c
4403,Lalba
4404,Cacnb3
4405,Tuba1b
4406,Tuba1a
4407,Tuba1c
4408,Prph
4409,Troap
4410,Spats2
4411,Kcnh3
4412,Racgap1
4413,Gm16537
4414,Lima1
4415,Larp4
4416,Atf1
4417,Mettl7a3
4418,Scn8a
4419,Acvrl1
4420,Grasp
4421,Nr4a1
4422,5430421N21Rik
4423,Krt5
4424,Krt8
4425,Krt18
4426,Soat2
4427,Itgb7
4428,Rarg
4429,Espl1
4430,Myg1
4431,Aaas
4432,Amhr2
4433,Prr13
4434,Atp5g2
4435,Cbx5
4436,Hnrnpa1
4437,Nfe2
4438,Gtsf1
4439,Mefv
4440,Trap1
4441,Tfap4
4442,Pam16
4443,Nmral1
4444,Rogdi
4445,Carhsp1
4446,Rpl39l
4447,Nubp1
4448,Ciita
4449,Rmi2
4450,Litaf
4451,Gm4262
4452,Rsl1d1
4453,2610020C07Rik
4454,Gspt1
4455,Nde1
4456,Mcm4
4457,Mzt2
4458,Spidr
4459,Fgd4
4460,Mapk1
4461,2610318N02Rik
4462,Sdf2l1
4463,Ydjc
4464,Ube2l3
4465,Smpd4
4466,Ccdc74a
4467,Slc25a1
4468,Dgcr6
4469,Prodh
4470,Rtn4r
4471,Zdhhc8
4472,Ranbp1
4473,Dgcr8
4474,Arvcf
4475,Comt
4476,Cdc45
4477,Mrpl40
4478,Hira
4479,Iglc1
4480,Iglc3
4481,Iglc2
4482,A930003A15Rik
4483,Eif2b5
4484,Ece2
4485,Psmd2
4486,Eif4g1
4487,Clcn2
4488,Polr2h
4489,Vps8
4490,Etv5
4491,Dgkg
4492,9230117E06Rik
4493,Rfc4
4494,St6gal1
4495,Rtp4
4496,Bcl6
4497,Lpp
4498,P3h2
4499,Cldn1
4500,Ccdc50
4501,Gm26834
4502,Hes1
4503,Ppp1r2
4504,Apod
4505,Pigz
4506,Nrros
4507,Bex6
4508,Fbxo45
4509,Rnf168
4510,Tctex1d2
4511,Pcyt1a
4512,Tfrc
4513,Tnk2os
4514,Heg1
4515,Gm15658
4516,Muc13
4517,Itgb5
4518,Umps
4519,Parp14
4520,Dtx3l
4521,Parp9
4522,Fam162a
4523,Ccdc58
4524,2010005H15Rik
4525,Stfa3
4526,Cd86
4527,Slc15a2
4528,Polq
4529,Ndufb4
4530,Pla1a
4531,Cd80
4532,B4galt4
4533,Tigit
4534,Ccdc191
4535,Atp6v1a
4536,Naa50
4537,Sidt1
4538,Spice1
4539,Cd200r1
4540,Ccdc80
4541,Btla
4542,Cd200
4543,Gm609
4544,Gcsam
4545,Phldb2
4546,Morc1
4547,Retnla
4548,Retnlg
4549,Dzip3
4550,C330027C09Rik
4551,Ift57
4552,Gm15518
4553,Cblb
4554,Alcam
4555,Nfkbiz
4556,Pcnp
4557,Tfg
4558,Tomm70a
4559,Tmem30c
4560,Cmss1
4561,Filip1l
4562,St3gal6
4563,Cpox
4564,Cldnd1
4565,Pros1
4566,Robo1
4567,Samsn1
4568,Mir155hg
4569,Atp5j
4570,App
4571,N6amt1
4572,Cct8
4573,2810407A14Rik
4574,Tiam1
4575,Sod1
4576,Mis18a
4577,Mrap
4578,1110004E09Rik
4579,Ifnar2
4580,Tmem50b
4581,Gart
4582,Donson
4583,Atp5o
4584,Mrps6
4585,Slc5a3
4586,Runx1
4587,Cbr3
4588,Morc3
4589,Chaf1b
4590,Kcnj15
4591,Erg
4592,Gm15340
4593,Psmg1
4594,Hmgn1
4595,Dscam
4596,Mx1
4597,Dynlt1a
4598,Dynlt1f
4599,Sytl3
4600,Tagap1
4601,Tagap
4602,Fgfr1op
4603,Ccr6
4604,Mpc1
4605,Qk
4606,1700110C19Rik
4607,Slc22a3
4608,Slc22a2
4609,Igf2r
4610,Mrpl18
4611,Tcp1
4612,Acat2
4613,Sod2
4614,Mllt4
4615,Vmn2r95
4616,Zfp760
4617,Zfp820
4618,Mmp25
4619,Thoc6
4620,Pkmyt1
4621,Ccnf
4622,Rnps1
4623,Eci1
4624,Pgp
4625,Rab26os
4626,Gfer
4627,Rps2
4628,Snhg9
4629,Ndufb10
4630,Msrb1
4631,Mrps34
4632,Hn1l
4633,Telo2
4634,Cacna1h
4635,Gng13
4636,Chtf18
4637,Mslnl
4638,Metrn
4639,Stub1
4640,Wdr90
4641,Fam195a
4642,Nme4
4643,Gm8186
4644,Mrpl28
4645,Luc7l
4646,Neurl1b
4647,Dusp1
4648,Ergic1
4649,Uqcc2
4650,Grm4
4651,Hmga1
4652,Rps10
4653,Pacsin1
4654,Snrpc
4655,Anks1
4656,Rpl10a
4657,Tulp1
4658,Fkbp5
4659,Mapk13
4660,Srsf3
4661,Trp53cor1
4662,Cdkn1a
4663,Rab44
4664,Ppil1
4665,Pi16
4666,Mtch1
4667,Fgd2
4668,Pim1
4669,Ccdc167
4670,Glo1
4671,1700097N02Rik
4672,Tff3
4673,Wdr4
4674,Pknox1
4675,Cbs
4676,U2af1
4677,Rrp1b
4678,Notch3
4679,Zfp101
4680,Myo1f
4681,Hnrnpm
4682,Angptl4
4683,Rps28
4684,Kifc1
4685,Platr17
4686,BC051226
4687,Pfdn6
4688,Wdr46
4689,Rps18
4690,H2-K1
4691,H2-Oa
4692,H2-DMa
4693,H2-DMb2
4694,H2-DMb1
4695,Psmb9
4696,H2-Ob
4697,H2-Ab1
4698,H2-Aa
4699,H2-Eb1
4700,H2-Eb2
4701,BC051142
4702,Nelfe
4703,Cfb
4704,Ehmt2
4705,Hspa1b
4706,Hspa1a
4707,Lsm2
4708,Vars
4709,Sapcd1
4710,Msh5
4711,Clic1
4712,Ddah2
4713,Ly6g5b
4714,Aif1
4715,Lst1
4716,Ltb
4717,Tnf
4718,Lta
4719,Gm16181
4720,Ddx39b
4721,H2-D1
4722,H2-Q2
4723,H2-Q4
4724,H2-Q6
4725,H2-Q7
4726,Tcf19
4727,Cchcr1
4728,Gtf2h4
4729,Gm20442
4730,Ier3
4731,Tubb5
4732,Mdc1
4733,Nrm
4734,Mrps18b
4735,H2-T22
4736,Gm8909
4737,H2-T3
4738,Ubd
4739,H2-M2
4740,Gm26917
4741,Cenpq
4742,Adgrf2
4743,Pla2g7
4744,Runx2
4745,B230354K17Rik
4746,Aars2
4747,Tmem151b
4748,Nfkbie
4749,Slc35b2
4750,Hsp90ab1
4751,Slc29a1
4752,Mrpl14
4753,Mrps18a
4754,Zfp318
4755,Slc22a7
4756,Dnph1
4757,Cul9
4758,Srf
4759,Mrpl2
4760,Ppp2r5d
4761,Pex6
4762,Ptcra
4763,2310039H08Rik
4764,Mrps10
4765,Bysl
4766,Tomm6
4767,A530064D06Rik
4768,Treml4
4769,Treml2
4770,Trem2
4771,Nfya
4772,Oard1
4773,Apobec2
4774,Tspo2
4775,Tbc1d5
4776,Satb1
4777,Gm19585
4778,Kcnh8
4779,Sgol1
4780,Adgre4
4781,Ebi3
4782,Chaf1a
4783,Hdgfrp2
4784,Tnfaip8l1
4785,Plin3
4786,Uhrf1
4787,Rpl36
4788,Lonp1
4789,Clpp
4790,Gtf2f1
4791,Khsrp
4792,Slc25a41
4793,C3
4794,Adgre1
4795,Efna5
4796,Twsg1
4797,Ndufv2
4798,Ddx11
4799,Ptprm
4800,Arhgap28
4801,Epb41l3
4802,Tgif1
4803,Emilin2
4804,Smchd1
4805,Ndc80
4806,Wdr43
4807,Xdh
4808,Memo1
4809,Dpy30
4810,Nlrc4
4811,Ttc27
4812,Rasgrp3
4813,Crim1
4814,Vit
4815,Eif2ak2
4816,Ndufaf7
4817,Qpct
4818,Cdc42ep3
4819,Hnrnpll
4820,Srsf7
4821,Ttc39d
4822,Gemin6
4823,Morn2
4824,Gm10190
4825,Pkdcc
4826,Eml4
4827,Mta3
4828,Zfp36l2
4829,Lrpprc
4830,Srbd1
4831,Pigf
4832,Calm2
4833,Epcam
4834,Msh2
4835,Msh6
4836,Gm10184
4837,Erdr1
4838,Crem
4839,Map3k8
4840,Svil
4841,Mpp7
4842,Usp14
4843,Snrpd1
4844,Rbbp8
4845,Ttc39c
4846,Osbpl1a
4847,Kctd1
4848,Rnf125
4849,Mapre2
4850,Slc39a6
4851,Celf4
4852,Polr2d
4853,Lims2
4854,Iws1
4855,Wdr36
4856,Camk4
4857,Stard4
4858,Nrep
4859,Brd8
4860,Kif20a
4861,Cdc25c
4862,Gm3550
4863,Egr1
4864,Etf1
4865,Hspa9
4866,Ctnna1
4867,Mzb1
4868,Spata24
4869,Ecscr
4870,Cxxc5
4871,Pfdn1
4872,Hbegf
4873,Cd14
4874,Hars
4875,Pcdhga1
4876,Ndfip1
4877,Arhgap26
4878,Nr3c1
4879,Prelid2
4880,Lars
4881,Tcerg1
4882,Ythdc2
4883,Kcnn2
4884,Eif1a
4885,Ap3s1
4886,Lox
4887,Snx24
4888,Ppic
4889,Gm26742
4890,Gramd3
4891,Lmnb1
4892,Slc12a2
4893,Fbn2
4894,Isoc1
4895,Gm4951
4896,Gm4841
4897,F830016B08Rik
4898,Iigp1
4899,Rps14
4900,Cd74
4901,Tcof1
4902,Arsi
4903,Camk2a
4904,Cdx1
4905,Pdgfrb
4906,Csf1r
4907,Ppargc1b
4908,Apcdd1
4909,Txnl1
4910,Fech
4911,Nars
4912,Alpk2
4913,Malt1
4914,Lman1
4915,Pmaip1
4916,Impa2
4917,Tubb6
4918,Slmo1
4919,Spire1
4920,Cep76
4921,Psmg2
4922,Seh1l
4923,Cep192
4924,Ldlrad4
4925,Tcf4
4926,Smad4
4927,Me2
4928,Mro
4929,Ska1
4930,Lipg
4931,Rpl17
4932,Dym
4933,Smad7
4934,Haus1
4935,Atp5a1
4936,Epg5
4937,Setbp1
4938,Txnl4a
4939,Hsbp1l1
4940,Kcng2
4941,Nfatc1
4942,Sall3
4943,Tshz1
4944,Cndp1
4945,Cndp2
4946,Cd226
4947,Mrpl21
4948,Cpt1a
4949,Chka
4950,Ndufs8
4951,Unc93b1
4952,Ndufv1
4953,Gstp1
4954,BC021614
4955,Clcf1
4956,Rhod
4957,Gm960
4958,Rbm14
4959,Mrpl11
4960,Sf3b2
4961,Banf1
4962,Eif1ad
4963,Drap1
4964,Fosl1
4965,Ctsw
4966,Rnaseh2c
4967,Sssca1
4968,Cdc42ep2
4969,Pola2
4970,Mrpl49
4971,Cdca5
4972,Sac3d1
4973,Arl2
4974,Batf2
4975,Ehd1
4976,Rasgrp2
4977,Nrxn2
4978,Gm14964
4979,Trmt112
4980,Ppp1r14b
4981,Fkbp2
4982,Vegfb
4983,Stip1
4984,Macrod1
4985,Cox8a
4986,Naa40
4987,Pla2g16
4988,Slc3a2
4989,Wdr74
4990,Eef1g
4991,Ahnak
4992,Asrgl1
4993,Incenp
4994,Fth1
4995,Best1
4996,Rab3il1
4997,Fads3
4998,Fads1
4999,Fen1
5000,Dagla
5001,Tmem216
5002,Tmem138
5003,Ddb1
5004,Cd5
5005,Slc15a3
5006,Tmem109
5007,Prpf19
5008,Zp1
5009,Ccdc86
5010,AW112010
5011,Ms4a8a
5012,Ms4a1
5013,Ms4a7
5014,Ms4a4a
5015,Ms4a4c
5016,Ms4a4b
5017,Gm37387
5018,Ms4a6c
5019,Gm8369
5020,Ms4a6b
5021,Ms4a6d
5022,Oosp1
5023,Mrpl16
5024,Mpeg1
5025,Fam111a
5026,Psat1
5027,Cep78
5028,Gnaq
5029,Gna14
5030,Ostf1
5031,Nmrk1
5032,Carnmt1
5033,D030056L22Rik
5034,Trpm6
5035,Rorb
5036,Anxa1
5037,Gda
5038,Klf9
5039,Smc5
5040,Fxn
5041,2610016A17Rik
5042,Vldlr
5043,Pum3
5044,Rcl1
5045,Cd274
5046,Pdcd1lg2
5047,Ermp1
5048,Sgms1
5049,Ankrd22
5050,Ifit2
5051,Ifit3
5052,Ifit1bl1
5053,Ifit3b
5054,Ifit1
5055,Kif20b
5056,Htr7
5057,Rpp30
5058,Pcgf5
5059,Hectd2
5060,A330032B11Rik
5061,Ide
5062,Kif11
5063,Hhex
5064,Cyp26a1
5065,Myof
5066,Cep55
5067,Ffar4
5068,Lgi1
5069,Plce1
5070,Noc3l
5071,Hells
5072,Entpd1
5073,Blnk
5074,Dntt
5075,Pik3ap1
5076,Slit1
5077,Arhgap19
5078,Rrp12
5079,Pgam1
5080,Exosc1
5081,Avpi1
5082,Got1
5083,Cpn1
5084,Erlin1
5085,Chuk
5086,Scd1
5087,Wnt8b
5088,Ndufb8
5089,Gm28578
5090,Dpcd
5091,Npm3
5092,Pprc1
5093,Nolc1
5094,Nfkb2
5095,Cuedc2
5096,As3mt
5097,Nt5c2
5098,Pcgf6
5099,Taf5
5100,Pdcd11
5101,Slk
5102,Sfr1
5103,Gsto1
5104,Add3
5105,Mirt1
5106,4833407H14Rik
5107,Dusp5
5108,Smc3
5109,Rbm20
5110,Acsl5
5111,Zdhhc6
5112,Tcf7l2
5113,Casp7
5114,Ablim1
5115,Gfra1
5116,Shtn1
5117,Pdzd8
5118,Rps12-ps3
5119,E330013P04Rik
5120,Eif3a
5121,Prdx3
5122,Csf2ra
5123,mt-Nd1
5124,Csprs
