"","pathway","pval","padj","log2err","ES","NES","size","leadingEdge"
"1","REACTOME_MRNA_SPLICING","4.7028765119064e-14","1.06049865343489e-11","0.965327754226083","-0.705271572933376","-2.48054986183213","96","c(""Hnrnpa3"", ""Srsf3"", ""Ybx1"", ""Snrpf"", ""Srsf2"", ""Hnrnpd"", ""Snrpg"", ""U2af1"", ""Alyref"", ""Eif4a3"", ""Srsf7"", ""Lsm7"", ""Polr2l"", ""Snrpd2"", ""Lsm5"", ""Lsm4"", ""Magoh"", ""Rbm8a"", ""Snrpb"", ""Lsm6"", ""Lsm2"", ""Hnrnpu"", ""Polr2k"", ""Hnrnpa2b1"", ""Snrpa1"", ""Snrnp40"", ""Snrpc"", ""U2af2"", ""Snrpb2"", ""Ddx39b"", ""Srsf10"", ""Snrpd1"", ""Srsf9"", ""Pcbp1"", ""Lsm3"", ""Snrpd3"", ""Polr2i"", ""Smu1"", ""Bcas2"", ""Sf3b5"", ""Phf5a"", ""Gtf2f1"", ""U2surp"", ""Txnl4a"", ""Rbm17"", ""Sf3a3"", ""Prpf38a"", ""Polr2f"", ""Hnrnpa1"", ""Ppih"", ""Isy1"", ""Wbp11"", ""Lsm8"", ""Polr2e"", 
""Srrm1"", ""Sf3b4"", ""Prpf40a"", ""Sf3a2"", ""Pnn"", ""Polr2c"", ""Ptbp1"")"
"2","REACTOME_PROCESSING_OF_CAPPED_INTRON_CONTAINING_PRE_MRNA","1.10472263071228e-14","4.98229906451239e-12","0.986546283587582","-0.667256929516772","-2.40809460198316","126","c(""Hnrnpa3"", ""Srsf3"", ""Ybx1"", ""Snrpf"", ""Srsf2"", ""Hnrnpd"", ""Snrpg"", ""U2af1"", ""Alyref"", ""Eif4a3"", ""Srsf7"", ""Lsm7"", ""Polr2l"", ""Snrpd2"", ""Lsm5"", ""Lsm4"", ""Magoh"", ""Rbm8a"", ""Snrpb"", ""Lsm6"", ""Lsm2"", ""Hnrnpu"", ""Polr2k"", ""Hnrnpa2b1"", ""Snrpa1"", ""Snrnp40"", ""Snrpc"", ""U2af2"", ""Snrpb2"", ""Ddx39b"", ""Slbp"", ""Srsf10"", ""Snrpd1"", ""Srsf9"", ""Pcbp1"", ""Lsm3"", ""Snrpd3"", ""Sec13"", ""Polr2i"", ""Smu1"", ""Bcas2"", ""Sf3b5"", ""Phf5a"", ""Gtf2f1"", ""U2surp"", ""Txnl4a"", ""Rbm17"", ""Sf3a3"", ""Prpf38a"", ""Polr2f"", ""Thoc7"", ""Hnrnpa1"", ""Eif4e"", ""Ppih"", 
""Thoc6"", ""Isy1"", ""Wbp11"", ""Lsm8"", ""Polr2e"", ""Srrm1"", ""Sf3b4"", ""Prpf40a"", ""Sf3a2"", ""Pnn"", ""Polr2c"", ""Ptbp1"", ""Seh1l"", ""Nup43"", ""Zcrb1"", ""Nkap"", ""Usp39"", ""Rbmx2"", ""Prpf19"", ""Sf3b2"", ""Polr2d"", ""Eftud2"", ""Nup37"", ""Nup50"", ""Nxt1"", ""Dhx9"")"
"3","WP_ELECTRON_TRANSPORT_CHAIN","8.67615611445608e-08","2.43010022296965e-06","0.704975715167238","-0.759224720051778","-2.19276439107105","37","c(""Slc25a5"", ""Cox7a2"", ""Uqcr10"", ""Cox6a1"", ""Ndufa5"", ""Cox7b"", ""Sdhb"", ""Ndufb4"", ""Uqcrb"", ""Ndufc1"", ""Ndufa12"", ""Ndufs6"", ""Ndufb7"", ""Cox5b"", ""Ndufb2"", ""Uqcr11"", ""Ndufab1"", ""Ndufb6"", ""Ndufc2"", ""Uqcrfs1"", ""Ndufv1"", ""Ndufs8"", ""Cox8a"", ""Ndufa9"", ""Uqcrq"", ""Ndufv2"", ""Ndufs7"", ""mt-Nd1"")"
"4","REACTOME_CROSS_PRESENTATION_OF_SOLUBLE_EXOGENOUS_ANTIGENS_ENDOSOMES","3.02100867394704e-08","1.36247491195012e-06","0.719512826338911","-0.775667424037505","-2.19072586503846","35","c(""Psma2"", ""Psma6"", ""Psmb3"", ""Psmc4"", ""Psmb6"", ""Psma1"", ""Psmc2"", ""Psmb2"", ""Psmc5"", ""Psmb7"", ""Psme2"", ""Psma4"", ""Psmd2"", ""Psmd13"", ""Psmd3"", ""Psma3"", ""Psmc3"", ""Psmd6"", ""Psmc6"", ""Psmd12"", ""Psmb5"", ""Psma7"", ""Psma5"", ""Psmd14"", ""Psmd1"", ""Psmb4"", ""Psmd7"")"
"5","REACTOME_DNA_REPLICATION","3.87094550132993e-09","2.49399488728542e-07","0.761460801445585","-0.628359685249186","-2.18874950337665","94","c(""Psma2"", ""Pcna"", ""Psma6"", ""Psmb3"", ""Psmc4"", ""Ubb"", ""Psmb6"", ""Pole4"", ""Psma1"", ""Ube2s"", ""Lig1"", ""Rpa3"", ""Psmc2"", ""Psmb2"", ""Psmc5"", ""Ccna2"", ""Ccne2"", ""Psmb7"", ""Psme2"", ""Psma4"", ""Psmd2"", ""Psmd13"", ""Mcm5"", ""Psmd3"", ""Psma3"", ""Psmc3"", ""Ccne1"", ""Mcm7"", ""Psmd6"", ""Rpa1"", ""Psmc6"", ""Gins1"", ""Psmd12"", ""Psmb5"", ""Psma7"", ""Gmnn"", ""Orc6"", ""Psma5"", ""Cdc45"", ""Ube2c"", ""Anapc15"", ""Psmd14"", ""Rfc3"", ""Anapc5"", ""Mcm4"", ""Psmd1"", ""Psmb4"", ""Rfc4"", ""Pole2"", ""Cdk2"", ""Psmd7"", ""Dbf4"", ""Cdc16"", ""Orc1"", ""Pola1"", ""Rfc5"")"
"6","REACTOME_RESPIRATORY_ELECTRON_TRANSPORT","8.39458947377036e-08","2.43010022296965e-06","0.704975715167238","-0.696245987261079","-2.18533697298807","53","c(""Cycs"", ""Cox7a2"", ""Uqcr10"", ""Cox6a1"", ""Cox7c"", ""Ndufa5"", ""Cox7b"", ""Ndufb4"", ""Uqcrb"", ""Mdh2"", ""Higd1a"", ""Ndufc1"", ""Ndufa12"", ""Ndufs6"", ""Ndufb7"", ""Cox5b"", ""Got1"", ""Ndufb2"", ""Ndufa4"", ""Ndufab1"", ""Ndufb6"", ""Ndufaf4"", ""Ndufc2"", ""Ndufb8"", ""Etfa"", ""Cyc1"", ""Uqcrfs1"", ""Ndufv1"", ""Ndufs8"", ""Cox8a"", ""Mdh1"", ""Ndufa9"", ""Uqcrq"", ""Ndufv2"", ""Ndufs7"", ""mt-Nd1"")"
"7","REACTOME_CELL_CYCLE_CHECKPOINTS","2.00066241265237e-11","2.25574687026555e-09","0.863415391606693","-0.574871417325567","-2.18406759898774","166","c(""Dynll1"", ""Psma2"", ""Psma6"", ""Psmb3"", ""Psmc4"", ""Ubb"", ""Psmb6"", ""Psma1"", ""Ube2s"", ""Rpa3"", ""Psmc2"", ""Ccnb2"", ""Psmb2"", ""Psmc5"", ""Ccna2"", ""Ccne2"", ""Ube2n"", ""Bub3"", ""Ywhae"", ""Psmb7"", ""Psme2"", ""Psma4"", ""Psmd2"", ""Cenpf"", ""Ccnb1"", ""Psmd13"", ""Mcm5"", ""Psmd3"", ""Psma3"", ""Psmc3"", ""Sec13"", ""Ccne1"", ""Cenpa"", ""Mcm7"", ""Psmd6"", ""Rpa1"", ""Rcc2"", ""Cdk1"", ""Cenpk"", ""Mad1l1"", ""Psmc6"", ""Psmd12"", ""Psmb5"", ""Chek1"", ""Psma7"", ""Spc25"", ""Cdc20"", ""Orc6"", ""Cenpe"", ""Mad2l1"", ""Psma5"", ""Cenpp"", ""Cdc45"", ""Ska2"", ""Bard1"", ""Ube2c"", ""Anapc15"", 
""Psmd14"", ""Rfc3"", ""Anapc5"", ""Mcm4"", ""Nudc"", ""Ska1"", ""Psmd1"", ""Seh1l"", ""Ndc80"", ""Plk1"", ""Spdl1"", ""Nup43"", ""Psmb4"", ""Brcc3"", ""Rmi2"", ""Rfc4"", ""Aurkb"", ""Cenpl"", ""Kif18a"", ""Spc24"", ""Cdk2"", ""Psmd7"", ""Dbf4"", ""Dynll2"", ""Cdc16"", ""Orc1"", ""Ckap5"", ""Rhno1"", ""Nde1"", ""Ywhaq"", ""Rfc5"", ""Nup37"", ""Rangap1"")"
"8","REACTOME_METABOLISM_OF_POLYAMINES","4.34682682683063e-08","1.63368241575051e-06","0.719512826338911","-0.753211035390976","-2.17302195666816","38","c(""Psma2"", ""Psma6"", ""Psmb3"", ""Psmc4"", ""Psmb6"", ""Psma1"", ""Psmc2"", ""Psmb2"", ""Psmc5"", ""Srm"", ""Psmb7"", ""Psme2"", ""Psma4"", ""Psmd2"", ""Sat1"", ""Psmd13"", ""Odc1"", ""Psmd3"", ""Psma3"", ""Psmc3"", ""Psmd6"", ""Psmc6"", ""Psmd12"", ""Psmb5"", ""Psma7"", ""Azin1"", ""Psma5"", ""Psmd14"", ""Sms"", ""Psmd1"", ""Psmb4"", ""Amd1"", ""Psmd7"")"
"9","REACTOME_DNA_REPLICATION_PRE_INITIATION","7.22505980564425e-08","2.40784656294873e-06","0.704975715167238","-0.641165928254556","-2.1564005890318","72","c(""Psma2"", ""Psma6"", ""Psmb3"", ""Psmc4"", ""Ubb"", ""Psmb6"", ""Pole4"", ""Psma1"", ""Ube2s"", ""Rpa3"", ""Psmc2"", ""Psmb2"", ""Psmc5"", ""Psmb7"", ""Psme2"", ""Psma4"", ""Psmd2"", ""Psmd13"", ""Mcm5"", ""Psmd3"", ""Psma3"", ""Psmc3"", ""Mcm7"", ""Psmd6"", ""Rpa1"", ""Psmc6"", ""Psmd12"", ""Psmb5"", ""Psma7"", ""Gmnn"", ""Orc6"", ""Psma5"", ""Cdc45"", ""Ube2c"", ""Anapc15"", ""Psmd14"", ""Anapc5"", ""Mcm4"", ""Psmd1"", ""Psmb4"", ""Pole2"", ""Cdk2"", ""Psmd7"", ""Dbf4"", ""Cdc16"", ""Orc1"", ""Pola1"")"
"10","REACTOME_APC_C_MEDIATED_DEGRADATION_OF_CELL_CYCLE_PROTEINS","1.81807053928241e-07","3.90452292007794e-06","0.690132458796796","-0.674257522241114","-2.15264018908429","58","c(""Psma2"", ""Psma6"", ""Psmb3"", ""Psmc4"", ""Ubb"", ""Psmb6"", ""Psma1"", ""Ube2s"", ""Psmc2"", ""Psmb2"", ""Psmc5"", ""Ccna2"", ""Bub3"", ""Psmb7"", ""Psme2"", ""Psma4"", ""Psmd2"", ""Ccnb1"", ""Psmd13"", ""Psmd3"", ""Psma3"", ""Psmc3"", ""Psmd6"", ""Cdk1"", ""Nek2"", ""Psmc6"", ""Psmd12"", ""Psmb5"", ""Psma7"", ""Cdc20"", ""Mad2l1"", ""Psma5"", ""Fbxo5"", ""Ube2c"", ""Anapc15"", ""Psmd14"", ""Anapc5"", ""Psmd1"", ""Plk1"", ""Psmb4"", ""Aurkb"", ""Cdk2"", ""Psmd7"", ""Cdc16"")"
"11","REACTOME_REGULATION_OF_MRNA_STABILITY_BY_PROTEINS_THAT_BIND_AU_RICH_ELEMENTS","4.50856284690193e-07","8.47234101646988e-06","0.674962860011025","-0.674420369668008","-2.14584774759392","55","c(""Hnrnpd"", ""Psma2"", ""Zfp36l1"", ""Psma6"", ""Psmb3"", ""Psmc4"", ""Ubb"", ""Set"", ""Psmb6"", ""Psma1"", ""Anp32a"", ""Exosc3"", ""Psmc2"", ""Psmb2"", ""Psmc5"", ""Psmb7"", ""Psme2"", ""Psma4"", ""Psmd2"", ""Psmd13"", ""Psmd3"", ""Psma3"", ""Psmc3"", ""Psmd6"", ""Psmc6"", ""Psmd12"", ""Psmb5"", ""Psma7"", ""Psma5"", ""Psmd14"", ""Exosc2"", ""Psmd1"")"
"12","REACTOME_G2_M_CHECKPOINTS","7.4744682663597e-08","2.40784656294873e-06","0.704975715167238","-0.608738842722867","-2.13175718309003","90","c(""Psma2"", ""Psma6"", ""Psmb3"", ""Psmc4"", ""Ubb"", ""Psmb6"", ""Psma1"", ""Rpa3"", ""Psmc2"", ""Ccnb2"", ""Psmb2"", ""Psmc5"", ""Ube2n"", ""Ywhae"", ""Psmb7"", ""Psme2"", ""Psma4"", ""Psmd2"", ""Ccnb1"", ""Psmd13"", ""Mcm5"", ""Psmd3"", ""Psma3"", ""Psmc3"", ""Mcm7"", ""Psmd6"", ""Rpa1"", ""Cdk1"", ""Psmc6"", ""Psmd12"", ""Psmb5"", ""Chek1"", ""Psma7"", ""Orc6"", ""Psma5"", ""Cdc45"", ""Bard1"", ""Psmd14"", ""Rfc3"", ""Mcm4"", ""Psmd1"", ""Psmb4"", ""Brcc3"", ""Rmi2"", ""Rfc4"", ""Cdk2"", ""Psmd7"", ""Dbf4"", ""Orc1"", ""Rhno1"", ""Ywhaq"", ""Rfc5"")"
"13","REACTOME_ACTIVATION_OF_APC_C_AND_APC_C_CDC20_MEDIATED_DEGRADATION_OF_MITOTIC_PROTEINS","3.44846973962397e-07","6.76199935900178e-06","0.674962860011025","-0.691203333987531","-2.12298779252474","51","c(""Psma2"", ""Psma6"", ""Psmb3"", ""Psmc4"", ""Ubb"", ""Psmb6"", ""Psma1"", ""Ube2s"", ""Psmc2"", ""Psmb2"", ""Psmc5"", ""Ccna2"", ""Bub3"", ""Psmb7"", ""Psme2"", ""Psma4"", ""Psmd2"", ""Ccnb1"", ""Psmd13"", ""Psmd3"", ""Psma3"", ""Psmc3"", ""Psmd6"", ""Cdk1"", ""Nek2"", ""Psmc6"", ""Psmd12"", ""Psmb5"", ""Psma7"", ""Cdc20"", ""Mad2l1"", ""Psma5"", ""Ube2c"", ""Anapc15"", ""Psmd14"", ""Anapc5"", ""Psmd1"", ""Plk1"", ""Psmb4"")"
"14","REACTOME_SWITCHING_OF_ORIGINS_TO_A_POST_REPLICATIVE_STATE","1.62047748267994e-07","3.84650181415081e-06","0.690132458796796","-0.656583442861343","-2.12054900457662","62","c(""Psma2"", ""Psma6"", ""Psmb3"", ""Psmc4"", ""Ubb"", ""Psmb6"", ""Psma1"", ""Ube2s"", ""Psmc2"", ""Psmb2"", ""Psmc5"", ""Ccna2"", ""Ccne2"", ""Psmb7"", ""Psme2"", ""Psma4"", ""Psmd2"", ""Psmd13"", ""Mcm5"", ""Psmd3"", ""Psma3"", ""Psmc3"", ""Ccne1"", ""Mcm7"", ""Psmd6"", ""Psmc6"", ""Psmd12"", ""Psmb5"", ""Psma7"", ""Gmnn"", ""Orc6"", ""Psma5"", ""Ube2c"", ""Anapc15"", ""Psmd14"", ""Anapc5"", ""Mcm4"", ""Psmd1"", ""Psmb4"", ""Cdk2"", ""Psmd7"", ""Cdc16"", ""Orc1"")"
"15","REACTOME_TCR_SIGNALING","1.76037250181123e-07","3.90452292007794e-06","0.690132458796796","-0.654803139818859","-2.11479921011313","62","c(""Ptprc"", ""Cd3d"", ""Nfkbia"", ""Cd4"", ""Cd3e"", ""Psma2"", ""Psma6"", ""Psmb3"", ""Psmc4"", ""Ubb"", ""Psmb6"", ""Psma1"", ""Lat"", ""Psmc2"", ""Psmb2"", ""Psmc5"", ""Ube2n"", ""Psmb7"", ""Psme2"", ""Psma4"", ""Psmd2"", ""Bcl10"", ""Psmd13"", ""Psmd3"", ""Psma3"", ""Psmc3"", ""Psmd6"", ""Psmc6"", ""Psmd12"", ""Psmb5"", ""Psma7"", ""Cdc34"", ""Psma5"", ""Pak1"", ""Psmd14"")"
"16","REACTOME_AEROBIC_RESPIRATION_AND_RESPIRATORY_ELECTRON_TRANSPORT","9.72898452425815e-08","2.4376511224669e-06","0.704975715167238","-0.617797995637507","-2.0970926126951","80","c(""Cycs"", ""Ldha"", ""Cox7a2"", ""Uqcr10"", ""Pkm"", ""Cox6a1"", ""Cox7c"", ""Ndufa5"", ""Cox7b"", ""Sdhb"", ""Ndufb4"", ""Uqcrb"", ""Mdh2"", ""Higd1a"", ""Ubb"", ""Ndufc1"", ""Ndufa12"", ""Ndufs6"", ""Ndufb7"", ""Mrps36"", ""Cox5b"", ""Got1"", ""Ndufb2"", ""Ndufa4"", ""Glo1"", ""Ndufab1"", ""Me2"", ""Ndufb6"", ""Ndufaf4"", ""Ndufc2"", ""Ndufb8"", ""Vdac1"", ""Etfa"", ""Cyc1"", ""Uqcrfs1"", ""Ndufv1"", ""Ndufs8"", ""Idh3a"", ""Cs"", ""Cox8a"", ""Pdk3"", ""Mdh1"", ""Dld"", ""Ndufa9"", ""Uqcrq"", ""Ndufv2"", ""Ndufs7"", ""mt-Nd1"")"
"17","REACTOME_RNA_POLYMERASE_II_TRANSCRIPTION_TERMINATION","1.62401701809218e-06","2.52562646606749e-05","0.643551836150722","-0.771771806416773","-2.09129255674158","28","c(""Srsf3"", ""Snrpf"", ""Srsf2"", ""Snrpg"", ""U2af1"", ""Alyref"", ""Eif4a3"", ""Srsf7"", ""Magoh"", ""Rbm8a"", ""Snrpb"", ""U2af2"", ""Ddx39b"", ""Slbp"", ""Srsf9"", ""Snrpd3"")"
"18","REACTOME_G1_S_TRANSITION","3.19374322985467e-07","6.54717362120207e-06","0.674962860011025","-0.619268680937825","-2.08556487438197","74","c(""Psma2"", ""Psma6"", ""Psmb3"", ""Psmc4"", ""Ubb"", ""Psmb6"", ""Pole4"", ""Psma1"", ""Rpa3"", ""Psmc2"", ""Psmb2"", ""Psmc5"", ""Ccna2"", ""Ccne2"", ""Psmb7"", ""Psme2"", ""Psma4"", ""Psmd2"", ""Psmd13"", ""Mcm5"", ""Psmd3"", ""Psma3"", ""Psmc3"", ""Ccne1"", ""Mcm7"", ""Psmd6"", ""Rpa1"", ""Psmc6"", ""Psmd12"", ""Psmb5"", ""Psma7"", ""Gmnn"", ""Orc6"", ""Psma5"", ""Cdc45"", ""Psmd14"", ""Mcm4"", ""Psmd1"", ""Psmb4"", ""Pole2"", ""Cdk2"", ""Psmd7"", ""Dbf4"")"
"19","REACTOME_DOWNSTREAM_TCR_SIGNALING","6.33831389895017e-07","1.14343182737061e-05","0.659444398037935","-0.656110730058525","-2.08485322264403","57","c(""Cd3d"", ""Nfkbia"", ""Cd4"", ""Cd3e"", ""Psma2"", ""Psma6"", ""Psmb3"", ""Psmc4"", ""Ubb"", ""Psmb6"", ""Psma1"", ""Psmc2"", ""Psmb2"", ""Psmc5"", ""Ube2n"", ""Psmb7"", ""Psme2"", ""Psma4"", ""Psmd2"", ""Bcl10"", ""Psmd13"", ""Psmd3"", ""Psma3"", ""Psmc3"", ""Psmd6"", ""Psmc6"", ""Psmd12"", ""Psmb5"", ""Psma7"", ""Cdc34"", ""Psma5"", ""Psmd14"")"
"20","REACTOME_S_PHASE","4.2397628954908e-08","1.63368241575051e-06","0.719512826338911","-0.587776562729279","-2.08349150431822","106","c(""Psma2"", ""Pcna"", ""Psma6"", ""Psmb3"", ""Psmc4"", ""Ubb"", ""Psmb6"", ""Pole4"", ""Psma1"", ""Ube2s"", ""Lig1"", ""Rpa3"", ""Psmc2"", ""Psmb2"", ""Psmc5"", ""Ccna2"", ""Ccne2"", ""Psmb7"", ""Psme2"", ""Psma4"", ""Psmd2"", ""Psmd13"", ""Mcm5"", ""Psmd3"", ""Psma3"", ""Psmc3"", ""Rad21"", ""Ccne1"", ""Mcm7"", ""Psmd6"", ""Rpa1"", ""Psmc6"", ""Gins1"", ""Psmd12"", ""Psmb5"", ""Psma7"", ""Stag2"", ""Gmnn"", ""Orc6"", ""Psma5"", ""Ube2c"", ""Anapc15"", ""Psmd14"", ""Rfc3"", ""Anapc5"", ""Mcm4"", ""Psmd1"", ""Psmb4"", ""Rfc4"", ""Pole2"", ""Cdk2"", ""Psmd7"", ""Cdc16"", ""Orc1"", ""Pola1"", ""Esco2"", ""Rfc5""
)"
"21","WP_PROTEASOME_DEGRADATION","8.36056893241016e-07","1.3965246624137e-05","0.659444398037935","-0.759350358951787","-2.07233940724434","31","c(""Psma2"", ""Psma6"", ""Psmc4"", ""Ubb"", ""Psmb6"", ""Psmc2"", ""Psmb2"", ""Psmc5"", ""Psmb7"", ""Psme2"", ""Psma4"", ""Psmd2"", ""Psmd13"", ""Psmd3"", ""Psma3"", ""Psmc3"", ""Rpn2"", ""Psmd6"", ""Psmc6"", ""Psmd12"", ""Psmb5"", ""Psma7"", ""Psma5"")"
"22","REACTOME_CDK_MEDIATED_PHOSPHORYLATION_AND_REMOVAL_OF_CDC6","2.56363489629422e-06","3.50363435826877e-05","0.627256739718528","-0.677785622113575","-2.06947534067982","48","c(""Psma2"", ""Psma6"", ""Psmb3"", ""Psmc4"", ""Ubb"", ""Psmb6"", ""Psma1"", ""Ube2s"", ""Psmc2"", ""Psmb2"", ""Psmc5"", ""Ccna2"", ""Ccne2"", ""Psmb7"", ""Psme2"", ""Psma4"", ""Psmd2"", ""Psmd13"", ""Psmd3"", ""Psma3"", ""Psmc3"", ""Ccne1"", ""Psmd6"", ""Psmc6"", ""Psmd12"", ""Psmb5"", ""Psma7"", ""Psma5"", ""Ube2c"", ""Anapc15"", ""Psmd14"", ""Anapc5"", ""Psmd1"", ""Psmb4"", ""Cdk2"", ""Psmd7"", ""Cdc16"")"
"23","REACTOME_HEDGEHOG_OFF_STATE","2.08687085251851e-06","3.0372495452471e-05","0.627256739718528","-0.663135986869993","-2.06913092190592","52","c(""Tuba1a"", ""Tuba1b"", ""Psma2"", ""Psma6"", ""Tubb2a"", ""Psmb3"", ""Psmc4"", ""Ubb"", ""Tubb4b"", ""Psmb6"", ""Psma1"", ""Psmc2"", ""Psmb2"", ""Psmc5"", ""Psmb7"", ""Psme2"", ""Psma4"", ""Psmd2"", ""Tuba1c"", ""Psmd13"", ""Psmd3"", ""Psma3"", ""Psmc3"", ""Psmd6"", ""Tubb2b"", ""Psmc6"", ""Psmd12"", ""Psmb5"", ""Psma7"", ""Psma5"", ""Psmd14"")"
"24","REACTOME_ASSEMBLY_OF_THE_PRE_REPLICATIVE_COMPLEX","1.158944144813e-06","1.86672789039522e-05","0.643551836150722","-0.651838103157897","-2.06784465252404","56","c(""Psma2"", ""Psma6"", ""Psmb3"", ""Psmc4"", ""Ubb"", ""Psmb6"", ""Psma1"", ""Ube2s"", ""Psmc2"", ""Psmb2"", ""Psmc5"", ""Psmb7"", ""Psme2"", ""Psma4"", ""Psmd2"", ""Psmd13"", ""Mcm5"", ""Psmd3"", ""Psma3"", ""Psmc3"", ""Mcm7"", ""Psmd6"", ""Psmc6"", ""Psmd12"", ""Psmb5"", ""Psma7"", ""Gmnn"", ""Orc6"", ""Psma5"", ""Ube2c"", ""Anapc15"", ""Psmd14"", ""Anapc5"", ""Mcm4"", ""Psmd1"", ""Psmb4"", ""Psmd7"", ""Cdc16"", ""Orc1"")"
"25","REACTOME_SIGNALING_BY_HEDGEHOG","3.14821565516224e-06","4.05670074422334e-05","0.627256739718528","-0.644987559503685","-2.04776871808377","54","c(""Tuba1a"", ""Tuba1b"", ""Psma2"", ""Psma6"", ""Tubb2a"", ""Psmb3"", ""Psmc4"", ""Ubb"", ""Tubb4b"", ""Psmb6"", ""Psma1"", ""Psmc2"", ""Psmb2"", ""Psmc5"", ""Psmb7"", ""Psme2"", ""Psma4"", ""Psmd2"", ""Tuba1c"", ""Psmd13"", ""Psmd3"", ""Psma3"", ""Psmc3"", ""Psmd6"", ""Tubb2b"", ""Psmc6"", ""Psmd12"", ""Psmb5"", ""Psma7"", ""Psma5"", ""Psmd14"")"
"26","REACTOME_APC_C_CDH1_MEDIATED_DEGRADATION_OF_CDC20_AND_OTHER_APC_C_CDH1_TARGETED_PROTEINS_IN_LATE_MITOSIS_EARLY_G1","5.15258897622377e-06","5.80330834113965e-05","0.610526878385931","-0.669624668778328","-2.04455759215771","48","c(""Psma2"", ""Psma6"", ""Psmb3"", ""Psmc4"", ""Ubb"", ""Psmb6"", ""Psma1"", ""Ube2s"", ""Psmc2"", ""Psmb2"", ""Psmc5"", ""Psmb7"", ""Psme2"", ""Psma4"", ""Psmd2"", ""Psmd13"", ""Psmd3"", ""Psma3"", ""Psmc3"", ""Psmd6"", ""Psmc6"", ""Psmd12"", ""Psmb5"", ""Psma7"", ""Cdc20"", ""Psma5"", ""Ube2c"", ""Anapc15"", ""Psmd14"", ""Anapc5"", ""Psmd1"", ""Plk1"", ""Psmb4"", ""Aurkb"", ""Psmd7"", ""Cdc16"")"
"27","REACTOME_FCERI_MEDIATED_NF_KB_ACTIVATION","5.28907942988476e-06","5.80330834113965e-05","0.610526878385931","-0.669408420612685","-2.04389732402621","48","c(""Nfkbia"", ""Psma2"", ""Psma6"", ""Psmb3"", ""Psmc4"", ""Ubb"", ""Psmb6"", ""Psma1"", ""Psmc2"", ""Psmb2"", ""Psmc5"", ""Ube2n"", ""Psmb7"", ""Psme2"", ""Psma4"", ""Psmd2"", ""Bcl10"", ""Psmd13"", ""Psmd3"", ""Psma3"", ""Psmc3"", ""Psmd6"", ""Psmc6"", ""Psmd12"", ""Psmb5"", ""Psma7"", ""Cdc34"", ""Psma5"", ""Psmd14"")"
"28","REACTOME_AUF1_HNRNP_D0_BINDS_AND_DESTABILIZES_MRNA","3.72256731502803e-06","4.53750772723687e-05","0.627256739718528","-0.704465375300402","-2.04270968589073","39","c(""Hnrnpd"", ""Psma2"", ""Psma6"", ""Psmb3"", ""Psmc4"", ""Ubb"", ""Psmb6"", ""Psma1"", ""Psmc2"", ""Psmb2"", ""Psmc5"", ""Psmb7"", ""Psme2"", ""Psma4"", ""Psmd2"", ""Psmd13"", ""Psmd3"", ""Psma3"", ""Psmc3"", ""Psmd6"", ""Psmc6"", ""Psmd12"", ""Psmb5"", ""Psma7"", ""Psma5"", ""Psmd14"")"
"29","REACTOME_ORC1_REMOVAL_FROM_CHROMATIN","2.84661564643768e-06","3.77595193100999e-05","0.627256739718528","-0.663824818817588","-2.03937086202743","49","c(""Psma2"", ""Psma6"", ""Psmb3"", ""Psmc4"", ""Ubb"", ""Psmb6"", ""Psma1"", ""Psmc2"", ""Psmb2"", ""Psmc5"", ""Ccna2"", ""Psmb7"", ""Psme2"", ""Psma4"", ""Psmd2"", ""Psmd13"", ""Mcm5"", ""Psmd3"", ""Psma3"", ""Psmc3"", ""Mcm7"", ""Psmd6"", ""Psmc6"", ""Psmd12"", ""Psmb5"", ""Psma7"", ""Orc6"", ""Psma5"", ""Psmd14"", ""Mcm4"", ""Psmd1"", ""Psmb4"", ""Cdk2"", ""Psmd7"", ""Orc1"")"
"30","REACTOME_M_PHASE","7.47504668134451e-11","6.74249210657274e-09","0.839088935621274","-0.531936286381463","-2.03650408784578","202","c(""Tuba1a"", ""H3f3a"", ""Tubb5"", ""Arpp19"", ""H3f3b"", ""Tuba1b"", ""Dynll1"", ""Psma2"", ""Psma6"", ""Tubb2a"", ""Banf1"", ""Psmb3"", ""Ran"", ""Psmc4"", ""Ubb"", ""Set"", ""Tubb4b"", ""Psmb6"", ""Psma1"", ""Ube2s"", ""Psmc2"", ""Ccnb2"", ""Psmb2"", ""Psmc5"", ""Bub3"", ""Smc4"", ""Ywhae"", ""Psmb7"", ""Psme2"", ""Psma4"", ""Psmd2"", ""Lmnb1"", ""Tuba1c"", ""Cenpf"", ""Ccnb1"", ""Psmd13"", ""Psmd3"", ""Psma3"", ""Psmc3"", ""Sec13"", ""Rad21"", ""Cenpa"", ""Psmd6"", ""Rcc2"", ""Cdk1"", ""Cenpk"", ""Nek2"", ""Rcc1"", ""Tubg1"", ""Tubb2b"", ""Lmna"", ""Mad1l1"", ""Psmc6"", ""Psmd12"", ""Psmb5"", ""Psma7"", 
""Spc25"", ""Cdc20"", ""Cep57"", ""Stag2"", ""Cenpe"", ""Hsp90aa1"", ""Mad2l1"", ""Psma5"", ""Cenpp"", ""Ska2"", ""Ncapg"", ""Ssna1"", ""Fbxo5"", ""Ube2c"", ""Anapc15"", ""Psmd14"", ""Anapc5"", ""Nudc"", ""Ska1"", ""Psmd1"", ""Seh1l"", ""Ndc80"", ""Plk1"", ""Spdl1"", ""Nup43"", ""Psmb4"", ""Aurkb"", ""Cenpl"", ""Kif18a"", ""Spc24"", ""Smc2"", ""Psmd7"", ""Kif23"", ""Dynll2"", ""Cdc16"", ""Ckap5"", ""Nde1"", ""Nup37"", ""Ncaph"", ""Nup50"", ""Rangap1"", ""Ncapd3"", ""Haus7"")"
"31","REACTOME_CLEC7A_DECTIN_1_SIGNALING","2.43767336071982e-06","3.4355958927645e-05","0.627256739718528","-0.640696690715498","-2.03250043126884","56","c(""Nfkbia"", ""Psma2"", ""Psma6"", ""Calm2"", ""Psmb3"", ""Psmc4"", ""Ubb"", ""Psmb6"", ""Psma1"", ""Psmc2"", ""Psmb2"", ""Psmc5"", ""Ube2n"", ""Nfatc3"", ""Psmb7"", ""Psme2"", ""Psma4"", ""Psmd2"", ""Relb"", ""Bcl10"", ""Psmd13"", ""Nfkb2"", ""Psmd3"", ""Psma3"", ""Psmc3"", ""Psmd6"", ""Psmc6"", ""Psmd12"", ""Psmb5"", ""Psma7"", ""Cdc34"", ""Psma5"", ""Psmd14"")"
"32","REACTOME_G1_S_DNA_DAMAGE_CHECKPOINTS","4.05055789575192e-06","4.80737266048452e-05","0.610526878385931","-0.690541940231076","-2.03091035550799","42","c(""Psma2"", ""Psma6"", ""Psmb3"", ""Psmc4"", ""Ubb"", ""Psmb6"", ""Psma1"", ""Psmc2"", ""Psmb2"", ""Psmc5"", ""Ccna2"", ""Ccne2"", ""Psmb7"", ""Psme2"", ""Psma4"", ""Psmd2"", ""Psmd13"", ""Psmd3"", ""Psma3"", ""Psmc3"", ""Ccne1"", ""Psmd6"", ""Psmc6"", ""Psmd12"", ""Psmb5"", ""Chek1"", ""Psma7"", ""Psma5"", ""Psmd14"", ""Psmd1"", ""Psmb4"", ""Cdk2"", ""Psmd7"")"
"33","REACTOME_MITOTIC_METAPHASE_AND_ANAPHASE","1.43805450320841e-08","7.20625089941103e-07","0.747739663149885","-0.55216854397937","-2.03087184063384","142","c(""Tuba1a"", ""Tuba1b"", ""Dynll1"", ""Psma2"", ""Psma6"", ""Tubb2a"", ""Banf1"", ""Psmb3"", ""Ran"", ""Psmc4"", ""Ubb"", ""Tubb4b"", ""Psmb6"", ""Psma1"", ""Ube2s"", ""Psmc2"", ""Ccnb2"", ""Psmb2"", ""Psmc5"", ""Bub3"", ""Psmb7"", ""Psme2"", ""Psma4"", ""Psmd2"", ""Lmnb1"", ""Tuba1c"", ""Cenpf"", ""Ccnb1"", ""Psmd13"", ""Psmd3"", ""Psma3"", ""Psmc3"", ""Sec13"", ""Rad21"", ""Cenpa"", ""Psmd6"", ""Rcc2"", ""Cdk1"", ""Cenpk"", ""Rcc1"", ""Tubb2b"", ""Lmna"", ""Mad1l1"", ""Psmc6"", ""Psmd12"", ""Psmb5"", ""Psma7"", ""Spc25"", ""Cdc20"", ""Stag2"", ""Cenpe"", ""Mad2l1"", ""Psma5"", ""Cenpp"", ""Ska2"", ""Fbxo5"", 
""Ube2c"", ""Anapc15"", ""Psmd14"", ""Anapc5"", ""Nudc"", ""Ska1"", ""Psmd1"", ""Seh1l"", ""Ndc80"", ""Plk1"", ""Spdl1"", ""Nup43"", ""Psmb4"", ""Aurkb"", ""Cenpl"", ""Kif18a"", ""Spc24"", ""Psmd7"", ""Dynll2"", ""Cdc16"", ""Ckap5"", ""Nde1"")"
"34","REACTOME_TNFR2_NON_CANONICAL_NF_KB_PATHWAY","3.41280628349937e-06","4.27548787182838e-05","0.627256739718528","-0.636275530497587","-2.02678213710058","59","c(""Psma2"", ""Psma6"", ""Psmb3"", ""Psmc4"", ""Ubb"", ""Psmb6"", ""Cd40lg"", ""Psma1"", ""Psmc2"", ""Tnfrsf9"", ""Psmb2"", ""Psmc5"", ""Psmb7"", ""Psme2"", ""Psma4"", ""Ltb"", ""Psmd2"", ""Relb"", ""Psmd13"", ""Nfkb2"", ""Psmd3"", ""Psma3"", ""Psmc3"", ""Tnfrsf4"", ""Psmd6"", ""Cd27"", ""Psmc6"", ""Psmd12"", ""Tnfrsf18"", ""Psmb5"", ""Psma7"", ""Psma5"", ""Psmd14"", ""Tnf"", ""Birc3"", ""Edaradd"", ""Psmd1"", ""Psmb4"", ""Tnfsf8"", ""Psmd7"")"
"35","REACTOME_ANTIGEN_PROCESSING_CROSS_PRESENTATION","1.46654544061872e-05","0.000118109284592686","0.593325476396405","-0.659385234159216","-2.0247750088697","50","c(""Psma2"", ""Psma6"", ""H2-T22"", ""Psmb3"", ""Psmc4"", ""Psmb6"", ""Psma1"", ""Psmc2"", ""Psmb2"", ""Psmc5"", ""Psmb7"", ""Psme2"", ""Psma4"", ""Psmd2"", ""H2-K1"", ""Psmd13"", ""Psmd3"", ""Psma3"", ""Psmc3"", ""Psmd6"", ""Psmc6"", ""Psmd12"", ""Psmb5"", ""Psma7"", ""Psma5"", ""H2-Q4"", ""Psmd14"")"
"36","REACTOME_UBIQUITIN_MEDIATED_DEGRADATION_OF_PHOSPHORYLATED_CDC25A","1.23244887874429e-05","0.000106891239291091","0.593325476396405","-0.706802282634701","-2.01738711474879","36","c(""Psma2"", ""Psma6"", ""Psmb3"", ""Psmc4"", ""Ubb"", ""Psmb6"", ""Psma1"", ""Psmc2"", ""Psmb2"", ""Psmc5"", ""Psmb7"", ""Psme2"", ""Psma4"", ""Psmd2"", ""Psmd13"", ""Psmd3"", ""Psma3"", ""Psmc3"", ""Psmd6"", ""Psmc6"", ""Psmd12"", ""Psmb5"", ""Chek1"", ""Psma7"", ""Psma5"", ""Psmd14"")"
"37","REACTOME_KEAP1_NFE2L2_PATHWAY","6.70771403075329e-06","7.03530006481334e-05","0.610526878385931","-0.696573945242463","-2.00962334104561","38","c(""Psma2"", ""Psma6"", ""Psmb3"", ""Psmc4"", ""Ubb"", ""Psmb6"", ""Psma1"", ""Psmc2"", ""Psmb2"", ""Psmc5"", ""Psmb7"", ""Psme2"", ""Psma4"", ""Psmd2"", ""Psmd13"", ""Prdx1"", ""Psmd3"", ""Psma3"", ""Psmc3"", ""Psmd6"", ""Psmc6"", ""Psmd12"", ""Psmb5"", ""Psma7"", ""Psma5"", ""Psmd14"")"
"38","REACTOME_DOWNSTREAM_SIGNALING_EVENTS_OF_B_CELL_RECEPTOR_BCR","9.56356670911104e-06","8.83402862207486e-05","0.593325476396405","-0.644026765705473","-2.00950592614649","52","c(""Nfkbia"", ""Psma2"", ""Psma6"", ""Calm2"", ""Psmb3"", ""Psmc4"", ""Ubb"", ""Psmb6"", ""Psma1"", ""Psmc2"", ""Psmb2"", ""Psmc5"", ""Kras"", ""Nfatc3"", ""Psmb7"", ""Psme2"", ""Psma4"", ""Psmd2"", ""Bcl10"", ""Psmd13"", ""Psmd3"", ""Psma3"", ""Psmc3"", ""Psmd6"", ""Psmc6"", ""Psmd12"", ""Psmb5"", ""Psma7"", ""Psma5"", ""Psmd14"", ""Psmd1"", ""Hras"")"
"39","REACTOME_PCP_CE_PATHWAY","8.94472485788895e-06","8.60100565066048e-05","0.593325476396405","-0.710716632574245","-2.00728464473732","35","c(""Psma2"", ""Psma6"", ""Psmb3"", ""Psmc4"", ""Ubb"", ""Psmb6"", ""Psma1"", ""Cltb"", ""Psmc2"", ""Psmb2"", ""Psmc5"", ""Psmb7"", ""Psme2"", ""Psma4"", ""Psmd2"", ""Psmd13"", ""Psmd3"", ""Psma3"", ""Psmc3"", ""Psmd6"", ""Psmc6"", ""Psmd12"", ""Psmb5"", ""Psma7"", ""Psma5"", ""Psmd14"")"
"40","REACTOME_CELLULAR_RESPONSE_TO_HYPOXIA","1.72993922862082e-05","0.000133085357551852","0.575610261071129","-0.701927247980892","-2.00347256985247","36","c(""Psma2"", ""Psma6"", ""Psmb3"", ""Psmc4"", ""Ubb"", ""Psmb6"", ""Psma1"", ""Psmc2"", ""Psmb2"", ""Psmc5"", ""Psmb7"", ""Psme2"", ""Psma4"", ""Psmd2"", ""Psmd13"", ""Psmd3"", ""Psma3"", ""Psmc3"", ""Psmd6"", ""Psmc6"", ""Psmd12"", ""Psmb5"", ""Psma7"", ""Psma5"", ""Psmd14"")"
"41","REACTOME_DEGRADATION_OF_BETA_CATENIN_BY_THE_DESTRUCTION_COMPLEX","8.60719955643924e-06","8.60100565066048e-05","0.593325476396405","-0.694350657060087","-2.00320913067256","38","c(""Lef1"", ""Psma2"", ""Psma6"", ""Psmb3"", ""Psmc4"", ""Ubb"", ""Psmb6"", ""Psma1"", ""Psmc2"", ""Psmb2"", ""Tcf7"", ""Psmc5"", ""Psmb7"", ""Psme2"", ""Psma4"", ""Psmd2"", ""Psmd13"", ""Psmd3"", ""Psma3"", ""Psmc3"", ""Psmd6"", ""Psmc6"", ""Psmd12"", ""Psmb5"", ""Psma7"", ""Psma5"", ""Psmd14"")"
"42","REACTOME_DECTIN_1_MEDIATED_NONCANONICAL_NF_KB_SIGNALING","8.96335400401425e-06","8.60100565066048e-05","0.593325476396405","-0.693527180136665","-2.00083339087146","38","c(""Psma2"", ""Psma6"", ""Psmb3"", ""Psmc4"", ""Ubb"", ""Psmb6"", ""Psma1"", ""Psmc2"", ""Psmb2"", ""Psmc5"", ""Psmb7"", ""Psme2"", ""Psma4"", ""Psmd2"", ""Relb"", ""Psmd13"", ""Nfkb2"", ""Psmd3"", ""Psma3"", ""Psmc3"", ""Psmd6"", ""Psmc6"", ""Psmd12"", ""Psmb5"", ""Psma7"", ""Psma5"", ""Psmd14"")"
"43","REACTOME_UCH_PROTEINASES","9.5979468399483e-06","8.83402862207486e-05","0.593325476396405","-0.683699189195923","-1.99622809560903","40","c(""Psma2"", ""Psma6"", ""Psmb3"", ""Psmc4"", ""Ubb"", ""Psmb6"", ""Uchl3"", ""Psma1"", ""Psmc2"", ""Psmb2"", ""Psmc5"", ""Psmb7"", ""Psme2"", ""Psma4"", ""Psmd2"", ""Psmd13"", ""Psmd3"", ""Psma3"", ""Psmc3"", ""Uchl5"", ""Psmd6"", ""Psmc6"", ""Psmd12"", ""Psmb5"", ""Psma7"", ""Psma5"", ""Bard1"", ""Psmd14"")"
"44","REACTOME_ABC_FAMILY_PROTEINS_MEDIATED_TRANSPORT","5.40441131547374e-06","5.80330834113965e-05","0.610526878385931","-0.673251374081842","-1.99520180245272","44","c(""Psma2"", ""Psma6"", ""Eif2s2"", ""Psmb3"", ""Psmc4"", ""Ubb"", ""Psmb6"", ""Psma1"", ""Eif2s1"", ""Psmc2"", ""Psmb2"", ""Psmc5"", ""Psmb7"", ""Psme2"", ""Psma4"", ""Psmd2"", ""Psmd13"", ""Psmd3"", ""Psma3"", ""Psmc3"", ""Psmd6"", ""Psmc6"", ""Psmd12"", ""Psmb5"", ""Psma7"", ""Psma5"", ""Psmd14"")"
"45","REACTOME_STABILIZATION_OF_P53","1.18722268986976e-05","0.000104987731986522","0.593325476396405","-0.705539556388309","-1.99266297267228","35","c(""Psma2"", ""Psma6"", ""Psmb3"", ""Psmc4"", ""Ubb"", ""Psmb6"", ""Psma1"", ""Psmc2"", ""Psmb2"", ""Psmc5"", ""Psmb7"", ""Psme2"", ""Psma4"", ""Psmd2"", ""Psmd13"", ""Psmd3"", ""Psma3"", ""Psmc3"", ""Psmd6"", ""Psmc6"", ""Psmd12"", ""Psmb5"", ""Psma7"", ""Psma5"", ""Psmd14"")"
"46","REACTOME_ASYMMETRIC_LOCALIZATION_OF_PCP_PROTEINS","1.74102795910405e-05","0.000133085357551852","0.575610261071129","-0.705002210596383","-1.99169822593916","34","c(""Psma2"", ""Psma6"", ""Psmb3"", ""Psmc4"", ""Ubb"", ""Psmb6"", ""Psma1"", ""Psmc2"", ""Psmb2"", ""Psmc5"", ""Psmb7"", ""Psme2"", ""Psma4"", ""Psmd2"", ""Psmd13"", ""Psmd3"", ""Psma3"", ""Psmc3"", ""Psmd6"", ""Psmc6"", ""Psmd12"", ""Psmb5"", ""Psma7"", ""Psma5"", ""Psmd14"")"
"47","REACTOME_DEGRADATION_OF_AXIN","1.74102795910405e-05","0.000133085357551852","0.575610261071129","-0.705002210596383","-1.99169822593916","34","c(""Psma2"", ""Psma6"", ""Psmb3"", ""Psmc4"", ""Ubb"", ""Psmb6"", ""Psma1"", ""Psmc2"", ""Psmb2"", ""Psmc5"", ""Psmb7"", ""Psme2"", ""Psma4"", ""Psmd2"", ""Psmd13"", ""Psmd3"", ""Psma3"", ""Psmc3"", ""Psmd6"", ""Psmc6"", ""Psmd12"", ""Psmb5"", ""Psma7"", ""Psma5"", ""Psmd14"")"
"48","REACTOME_DEGRADATION_OF_DVL","1.32065324355356e-05","0.000110299002378269","0.593325476396405","-0.70835692882609","-1.98760597085009","33","c(""Psma2"", ""Psma6"", ""Psmb3"", ""Psmc4"", ""Ubb"", ""Psmb6"", ""Psma1"", ""Psmc2"", ""Psmb2"", ""Psmc5"", ""Psmb7"", ""Psme2"", ""Psma4"", ""Psmd2"", ""Psmd13"", ""Psmd3"", ""Psma3"", ""Psmc3"", ""Psmd6"", ""Psmc6"", ""Psmd12"", ""Psmb5"", ""Psma7"", ""Psma5"", ""Psmd14"", ""Psmd1"", ""Psmb4"")"
"49","REACTOME_NUCLEAR_EVENTS_MEDIATED_BY_NFE2L2","1.45858043560229e-05","0.000118109284592686","0.593325476396405","-0.702541265036102","-1.98419486609381","35","c(""Psma2"", ""Psma6"", ""Psmb3"", ""Psmc4"", ""Ubb"", ""Psmb6"", ""Psma1"", ""Psmc2"", ""Psmb2"", ""Psmc5"", ""Psmb7"", ""Psme2"", ""Psma4"", ""Psmd2"", ""Psmd13"", ""Prdx1"", ""Psmd3"", ""Psma3"", ""Psmc3"", ""Psmd6"", ""Psmc6"", ""Psmd12"", ""Psmb5"", ""Psma7"", ""Psma5"", ""Psmd14"")"
"50","REACTOME_GLI3_IS_PROCESSED_TO_GLI3R_BY_THE_PROTEASOME","2.91976565312509e-05","0.000202586816855294","0.575610261071129","-0.697866814648297","-1.97154005446456","34","c(""Psma2"", ""Psma6"", ""Psmb3"", ""Psmc4"", ""Ubb"", ""Psmb6"", ""Psma1"", ""Psmc2"", ""Psmb2"", ""Psmc5"", ""Psmb7"", ""Psme2"", ""Psma4"", ""Psmd2"", ""Psmd13"", ""Psmd3"", ""Psma3"", ""Psmc3"", ""Psmd6"", ""Psmc6"", ""Psmd12"", ""Psmb5"", ""Psma7"", ""Psma5"", ""Psmd14"")"
"51","REACTOME_MRNA_SPLICING_MINOR_PATHWAY","2.70431777152834e-05","0.000192129109750531","0.575610261071129","-0.694437266085919","-1.96130665452241","35","c(""Ybx1"", ""Snrpf"", ""Srsf2"", ""Snrpg"", ""Srsf7"", ""Polr2l"", ""Snrpd2"", ""Snrpb"", ""Polr2k"", ""Snrnp40"", ""Snrpd1"", ""Snrpd3"", ""Polr2i"", ""Sf3b5"", ""Gtf2f1"", ""Txnl4a"", ""Polr2f"", ""Polr2e"", ""Sf3b4"", ""Polr2c"", ""Zcrb1"", ""Sf3b2"", ""Polr2d"", ""Eftud2"")"
"52","REACTOME_ACTIVATION_OF_NF_KAPPAB_IN_B_CELLS","2.59170910309906e-05","0.000188525936370593","0.575610261071129","-0.66822437541473","-1.95837654266299","43","c(""Nfkbia"", ""Psma2"", ""Psma6"", ""Psmb3"", ""Psmc4"", ""Ubb"", ""Psmb6"", ""Psma1"", ""Psmc2"", ""Psmb2"", ""Psmc5"", ""Psmb7"", ""Psme2"", ""Psma4"", ""Psmd2"", ""Bcl10"", ""Psmd13"", ""Psmd3"", ""Psma3"", ""Psmc3"", ""Psmd6"", ""Psmc6"", ""Psmd12"", ""Psmb5"", ""Psma7"", ""Psma5"", ""Psmd14"")"
"53","REACTOME_MITOCHONDRIAL_TRANSLATION","1.93214551209654e-05","0.000145232937659257","0.575610261071129","-0.613055191122288","-1.95281643072418","59","c(""Mrps14"", ""Mrps36"", ""Mrps18c"", ""Mrpl21"", ""Mrpl20"", ""Mrpl18"", ""Mrps6"", ""Mrpl57"", ""Mrpl42"", ""Mrps28"", ""Chchd1"", ""Mrpl23"", ""Mrpl40"", ""Mrpl3"", ""Mrps24"", ""Mrpl46"", ""Mrps17"", ""Mrpl15"", ""Mrpl51"", ""Mrpl36"", ""Mrpl13"", ""Mrpl50"", ""Mrps22"", ""Mrpl12"", ""Aurkaip1"", ""Mrps18b"", ""Mrps25"", ""Mrpl47"", ""Mrpl54"", ""Mrpl17"", ""Mrps11"", ""Mrpl55"", ""Mrpl49"", ""Mrpl38"", ""Mrpl28"", ""Mrps10"", ""Mrps5"")"
"54","REACTOME_CYCLIN_A_CDK2_ASSOCIATED_EVENTS_AT_S_PHASE_ENTRY","4.57130246131631e-05","0.000294522487150522","0.557332238758646","-0.637975691435892","-1.94792411981631","48","c(""Psma2"", ""Psma6"", ""Psmb3"", ""Psmc4"", ""Ubb"", ""Psmb6"", ""Psma1"", ""Psmc2"", ""Psmb2"", ""Psmc5"", ""Ccna2"", ""Ccne2"", ""Psmb7"", ""Psme2"", ""Psma4"", ""Psmd2"", ""Psmd13"", ""Psmd3"", ""Psma3"", ""Psmc3"", ""Ccne1"", ""Psmd6"", ""Psmc6"", ""Psmd12"", ""Psmb5"", ""Psma7"", ""Psma5"", ""Psmd14"", ""Psmd1"", ""Psmb4"", ""Cdk2"", ""Psmd7"")"
"55","REACTOME_COMPLEX_I_BIOGENESIS","7.88083352158932e-05","0.000473900789098238","0.538434096309916","-0.739010058655182","-1.94735063498942","26","c(""Ndufa5"", ""Ndufb4"", ""Ndufc1"", ""Ndufa12"", ""Ndufs6"", ""Ndufb7"", ""Ndufb2"", ""Ndufab1"", ""Ndufb6"", ""Ndufaf4"", ""Ndufc2"", ""Ndufb8"", ""Ndufv1"", ""Ndufs8"", ""Ndufa9"", ""Ndufv2"", ""Ndufs7"", ""mt-Nd1"")"
"56","REACTOME_NEDDYLATION","1.31118804409977e-05","0.000110299002378269","0.593325476396405","-0.599254443759089","-1.94691353241037","65","c(""Psma2"", ""Psma6"", ""Psmb3"", ""Psmc4"", ""Ubb"", ""Psmb6"", ""Uchl3"", ""Psma1"", ""Psmc2"", ""Dcun1d5"", ""Psmb2"", ""Psmc5"", ""Psmb7"", ""Psme2"", ""Psma4"", ""Psmd2"", ""Cops3"", ""Rbbp7"", ""Psmd13"", ""Psmd3"", ""Psma3"", ""Psmc3"", ""Dcaf13"", ""Cops5"", ""Psmd6"", ""Ccnf"", ""Psmc6"", ""Psmd12"", ""Psmb5"", ""Psma7"", ""Psma5"", ""Psmd14"", ""Commd1"", ""Psmd1"", ""Lrr1"", ""Psmb4"")"
"57","REACTOME_SCF_SKP2_MEDIATED_DEGRADATION_OF_P27_P21","3.28868911110118e-05","0.000221372953598005","0.557332238758646","-0.66168609392362","-1.9460442037676","42","c(""Psma2"", ""Psma6"", ""Psmb3"", ""Psmc4"", ""Ubb"", ""Psmb6"", ""Psma1"", ""Psmc2"", ""Psmb2"", ""Psmc5"", ""Ccna2"", ""Ccne2"", ""Psmb7"", ""Psme2"", ""Psma4"", ""Psmd2"", ""Psmd13"", ""Psmd3"", ""Psma3"", ""Psmc3"", ""Ccne1"", ""Psmd6"", ""Psmc6"", ""Psmd12"", ""Psmb5"", ""Psma7"", ""Psma5"", ""Psmd14"", ""Psmd1"", ""Psmb4"", ""Cdk2"", ""Psmd7"")"
"58","REACTOME_SEPARATION_OF_SISTER_CHROMATIDS","6.85236985473392e-07","1.18862261710961e-05","0.659444398037935","-0.538458693345577","-1.93679433212038","123","c(""Tuba1a"", ""Tuba1b"", ""Dynll1"", ""Psma2"", ""Psma6"", ""Tubb2a"", ""Psmb3"", ""Psmc4"", ""Ubb"", ""Tubb4b"", ""Psmb6"", ""Psma1"", ""Ube2s"", ""Psmc2"", ""Psmb2"", ""Psmc5"", ""Bub3"", ""Psmb7"", ""Psme2"", ""Psma4"", ""Psmd2"", ""Tuba1c"", ""Cenpf"", ""Psmd13"", ""Psmd3"", ""Psma3"", ""Psmc3"", ""Sec13"", ""Rad21"", ""Cenpa"", ""Psmd6"", ""Rcc2"", ""Cenpk"", ""Tubb2b"", ""Mad1l1"", ""Psmc6"", ""Psmd12"", ""Psmb5"", ""Psma7"", ""Spc25"", ""Cdc20"", ""Stag2"", ""Cenpe"", ""Mad2l1"", ""Psma5"", ""Cenpp"", ""Ska2"", ""Ube2c"", ""Anapc15"", ""Psmd14"", ""Anapc5"", ""Nudc"", ""Ska1"", ""Psmd1"", ""Seh1l"", 
""Ndc80"", ""Plk1"", ""Spdl1"", ""Nup43"", ""Psmb4"", ""Aurkb"", ""Cenpl"", ""Kif18a"", ""Spc24"", ""Psmd7"", ""Dynll2"", ""Cdc16"", ""Ckap5"", ""Nde1"")"
"59","REACTOME_HEDGEHOG_LIGAND_BIOGENESIS","5.95795941156159e-05","0.000373199957585316","0.557332238758646","-0.68419660348448","-1.93292040914436","34","c(""Psma2"", ""Psma6"", ""Psmb3"", ""Psmc4"", ""Ubb"", ""Psmb6"", ""Psma1"", ""Psmc2"", ""Psmb2"", ""Psmc5"", ""Psmb7"", ""Psme2"", ""Psma4"", ""Psmd2"", ""Psmd13"", ""Psmd3"", ""Psma3"", ""Psmc3"", ""Psmd6"", ""Psmc6"", ""Psmd12"", ""Psmb5"", ""Psma7"", ""Psma5"", ""Psmd14"")"
"60","REACTOME_METABOLISM_OF_AMINO_ACIDS_AND_DERIVATIVES","4.8182797400712e-06","5.57190810967208e-05","0.610526878385931","-0.555754198085076","-1.93203969956574","92","c(""Ckb"", ""Psma2"", ""Psma6"", ""Psmb3"", ""Psmc4"", ""Psmb6"", ""Psma1"", ""Mrps36"", ""Psmc2"", ""Got1"", ""Psmb2"", ""Psmc5"", ""Bcat1"", ""Srm"", ""Psmb7"", ""Psme2"", ""Psma4"", ""Psmd2"", ""Sat1"", ""Psmd13"", ""Odc1"", ""Psmd3"", ""Psma3"", ""Psmc3"", ""Slc3a2"", ""Psph"", ""Psmd6"", ""Psmc6"", ""Psmd12"", ""Psmb5"", ""Psma7"", ""Azin1"", ""Sephs2"", ""Psma5"", ""Psmd14"", ""Sms"", ""Psmd1"", ""Il4i1"", ""Hibadh"", ""Dld"", ""Psmb4"", ""Amd1"")"
"61","REACTOME_CELL_CYCLE","3.47780235730599e-12","5.22829621048334e-10","0.898671232061694","-0.474928132959681","-1.92827420645342","334","c(""Tuba1a"", ""H3f3a"", ""Tubb5"", ""Arpp19"", ""H3f3b"", ""Tuba1b"", ""Dynll1"", ""Psma2"", ""Pcna"", ""Psma6"", ""Tubb2a"", ""Banf1"", ""Psmb3"", ""Ran"", ""Psmc4"", ""Ubb"", ""Set"", ""Tubb4b"", ""Psmb6"", ""Pole4"", ""Psma1"", ""Ube2s"", ""Lig1"", ""Rpa3"", ""Psmc2"", ""Ccnb2"", ""Psmb2"", ""Hdac1"", ""Psmc5"", ""Ccna2"", ""Ccne2"", ""Ube2n"", ""Bub3"", ""E2f2"", ""Smc4"", ""Ywhae"", ""Phlda1"", ""Gar1"", ""Psmb7"", ""Psme2"", ""Psma4"", ""Cenpw"", ""Psmd2"", ""Lmnb1"", ""Nhp2"", ""Tuba1c"", ""Cenpf"", ""Rbbp7"", ""Ccnb1"", ""Psmd13"", ""Mcm5"", ""Psmd3"", ""Psma3"", ""Dkc1"", ""Psmc3"", ""Sec13"", ""Rad21"", 
""Ccne1"", ""Cenpa"", ""Mcm7"", ""Psmd6"", ""Rpa1"", ""Rcc2"", ""Cdk1"", ""Cenpk"", ""E2f4"", ""Nek2"", ""Rcc1"", ""Tubg1"", ""Tubb2b"", ""Lmna"", ""Mad1l1"", ""Psmc6"", ""Gins1"", ""Psmd12"", ""Psmb5"", ""Rbbp4"", ""Smarca5"", ""Chek1"", ""Psma7"", ""Spc25"", ""Cdc20"", ""Cep57"", ""Stag2"", ""Gmnn"", ""Orc6"", ""Cenpe"", ""Hsp90aa1"", ""Mad2l1"", ""Psma5"", ""Cenpp"", ""Cdc45"", ""Ska2"", ""Bard1"", ""Ncapg"", ""Nop10"", ""Ssna1"", ""Fbxo5"", ""Ube2c"", ""Anapc15"", ""Psmd14"", ""Rfc3"", ""Anapc5"", ""Mcm4"", ""Nudc"", ""Ska1"", ""Psmd1"", ""Seh1l"", ""Ndc80"", ""Plk1"", ""Spdl1"", ""Nup43"", ""Psmb4"", 
""Ccnd2"", ""Brcc3"", ""Rmi2"", ""Rfc4"", ""Aurkb"", ""Pole2"", ""Cenpl"", ""Kif18a"", ""Spc24"", ""Smc2"", ""Cdk2"", ""Psmd7"", ""Dbf4"", ""Kif23"", ""Pif1"", ""Dynll2"", ""Cdc16"", ""Orc1"", ""Hjurp"", ""Ckap5"", ""Rhno1"", ""Nde1"", ""Ywhaq"", ""Pola1"", ""Cdkn1c"", ""Esco2"", ""Terf1"", ""Rfc5"", ""Nup37"", ""Ncaph"", ""Nup50"", ""Rangap1"", ""Ncapd3"", ""Haus7"", ""E2f1"")"
"62","REACTOME_CELLULAR_RESPONSE_TO_CHEMICAL_STRESS","2.23685502317792e-05","0.000165380592697253","0.575610261071129","-0.569156779917286","-1.92492589087165","75","c(""Cycs"", ""Cox7a2"", ""Psma2"", ""Cox6a1"", ""Cox7c"", ""Psma6"", ""Cox7b"", ""Psmb3"", ""Psmc4"", ""Ubb"", ""Psmb6"", ""Psma1"", ""Psmc2"", ""Cox5b"", ""Psmb2"", ""Ndufa4"", ""Psmc5"", ""Txn1"", ""Psmb7"", ""Psme2"", ""Psma4"", ""Psmd2"", ""Psmd13"", ""Prdx1"", ""Psmd3"", ""Psma3"", ""Psmc3"", ""Psmd6"", ""Psmc6"", ""Psmd12"", ""Psmb5"", ""Psma7"")"
"63","REACTOME_REGULATION_OF_PTEN_STABILITY_AND_ACTIVITY","0.00010441821267973","0.000619639656823133","0.538434096309916","-0.665558190304199","-1.9222402291975","37","c(""Psma2"", ""Psma6"", ""Psmb3"", ""Psmc4"", ""Ubb"", ""Psmb6"", ""Psma1"", ""Psmc2"", ""Psmb2"", ""Psmc5"", ""Psmb7"", ""Psme2"", ""Psma4"", ""Psmd2"", ""Psmd13"", ""Psmd3"", ""Psma3"", ""Psmc3"", ""Psmd6"", ""Psmc6"", ""Psmd12"", ""Psmb5"", ""Psma7"", ""Psma5"", ""Psmd14"")"
"64","REACTOME_REGULATION_OF_RAS_BY_GAPS","5.34967325041672e-05","0.000339817272667316","0.557332238758646","-0.665699185265515","-1.92054932568424","38","c(""Psma2"", ""Psma6"", ""Psmb3"", ""Psmc4"", ""Ubb"", ""Psmb6"", ""Psma1"", ""Psmc2"", ""Psmb2"", ""Psmc5"", ""Kras"", ""Psmb7"", ""Psme2"", ""Psma4"", ""Psmd2"", ""Psmd13"", ""Psmd3"", ""Psma3"", ""Psmc3"", ""Psmd6"", ""Psmc6"", ""Psmd12"", ""Psmb5"", ""Psma7"", ""Psma5"", ""Psmd14"", ""Psmd1"", ""Hras"", ""Psmb4"")"
"65","REACTOME_MAPK6_MAPK4_SIGNALING","6.58608177791027e-05","0.000406893545457196","0.538434096309916","-0.656167954567805","-1.91584387848557","40","c(""Psma2"", ""Psma6"", ""Psmb3"", ""Psmc4"", ""Ubb"", ""Psmb6"", ""Psma1"", ""Psmc2"", ""Psmb2"", ""Psmc5"", ""Psmb7"", ""Psme2"", ""Psma4"", ""Psmd2"", ""Psmd13"", ""Psmd3"", ""Psma3"", ""Psmc3"", ""Psmd6"", ""Cdk1"", ""Psmc6"", ""Psmd12"", ""Psmb5"", ""Psma7"", ""Psma5"", ""Pak1"", ""Psmd14"")"
"66","REACTOME_TRANSPORT_OF_MATURE_TRANSCRIPT_TO_CYTOPLASM","7.16878667531746e-05","0.000436908485211916","0.538434096309916","-0.651306476363632","-1.90879496816229","43","c(""Srsf3"", ""Srsf2"", ""U2af1"", ""Alyref"", ""Eif4a3"", ""Srsf7"", ""Magoh"", ""Rbm8a"", ""U2af2"", ""Ddx39b"", ""Slbp"", ""Srsf9"", ""Sec13"", ""Thoc7"", ""Eif4e"", ""Thoc6"", ""Srrm1"", ""Seh1l"", ""Nup43"", ""Nup37"", ""Nup50"", ""Nxt1"", ""Thoc3"", ""Rnps1"", ""Srsf1"", ""Nup107"", ""Aaas"", ""Nup93"")"
"67","REACTOME_C_TYPE_LECTIN_RECEPTORS_CLRS","2.72644412949756e-05","0.000192129109750531","0.575610261071129","-0.572021412895194","-1.89559830639377","68","c(""Nfkbia"", ""Psma2"", ""Psma6"", ""Calm2"", ""Psmb3"", ""Psmc4"", ""Ubb"", ""Psmb6"", ""Psma1"", ""Psmc2"", ""Psmb2"", ""Psmc5"", ""Ube2n"", ""Kras"", ""Nfatc3"", ""Psmb7"", ""Psme2"", ""Psma4"", ""Psmd2"", ""Relb"", ""Bcl10"", ""Psmd13"", ""Nfkb2"", ""Psmd3"", ""Psma3"", ""Psmc3"", ""Psmd6"", ""Psmc6"", ""Icam2"", ""Psmd12"", ""Psmb5"", ""Psma7"", ""Cdc34"", ""Psma5"", ""Pak1"", ""Psmd14"")"
"68","REACTOME_BETA_CATENIN_INDEPENDENT_WNT_SIGNALING","0.000124228390533842","0.000700337551634534","0.518848077743792","-0.62026372266052","-1.89384436152752","48","c(""Lef1"", ""Psma2"", ""Psma6"", ""Calm2"", ""Psmb3"", ""Psmc4"", ""Ubb"", ""Psmb6"", ""Psma1"", ""Cltb"", ""Psmc2"", ""Psmb2"", ""Psmc5"", ""Kras"", ""Psmb7"", ""Psme2"", ""Psma4"", ""Psmd2"", ""Psmd13"", ""Psmd3"", ""Psma3"", ""Psmc3"", ""Psmd6"", ""Psmc6"", ""Psmd12"", ""Psmb5"", ""Psma7"", ""Psma5"", ""Psmd14"")"
"69","REACTOME_TELOMERE_MAINTENANCE","0.000118423627551681","0.000684731487510362","0.538434096309916","-0.668805165118727","-1.88891363552489","35","c(""H3f3a"", ""H3f3b"", ""Pcna"", ""Lig1"", ""Rpa3"", ""Ccna2"", ""Gar1"", ""Nhp2"", ""Dkc1"", ""Rpa1"", ""Nop10"", ""Rfc3"", ""Rfc4"", ""Cdk2"", ""Pif1"", ""Pola1"", ""Terf1"", ""Rfc5"")"
"70","REACTOME_CHROMOSOME_MAINTENANCE","0.000122084752741064","0.000696964854255948","0.518848077743792","-0.589263119450594","-1.88128634984797","58","c(""H3f3a"", ""H3f3b"", ""Pcna"", ""Lig1"", ""Rpa3"", ""Ccna2"", ""Gar1"", ""Cenpw"", ""Nhp2"", ""Rbbp7"", ""Dkc1"", ""Cenpa"", ""Rpa1"", ""Cenpk"", ""Rbbp4"", ""Smarca5"", ""Cenpp"", ""Nop10"", ""Rfc3"", ""Rfc4"", ""Cenpl"", ""Cdk2"", ""Pif1"", ""Hjurp"", ""Pola1"", ""Terf1"", ""Rfc5"")"
"71","REACTOME_REGULATION_OF_RUNX2_EXPRESSION_AND_ACTIVITY","0.000184519449173492","0.00097903848914406","0.518848077743792","-0.658684010949717","-1.88004576248347","36","c(""Psma2"", ""Psma6"", ""Psmb3"", ""Psmc4"", ""Ubb"", ""Psmb6"", ""Psma1"", ""Psmc2"", ""Psmb2"", ""Psmc5"", ""Psmb7"", ""Psme2"", ""Psma4"", ""Psmd2"", ""Psmd13"", ""Psmd3"", ""Psma3"", ""Psmc3"", ""Psmd6"", ""Psmc6"", ""Psmd12"", ""Psmb5"", ""Psma7"", ""Psma5"", ""Psmd14"")"
"72","REACTOME_HEDGEHOG_ON_STATE","0.00037086126463817","0.00183800472914082","0.49849310876659","-0.640113471283058","-1.8270408863563","36","c(""Psma2"", ""Psma6"", ""Psmb3"", ""Psmc4"", ""Ubb"", ""Psmb6"", ""Psma1"", ""Psmc2"", ""Psmb2"", ""Psmc5"", ""Psmb7"", ""Psme2"", ""Psma4"", ""Psmd2"", ""Psmd13"", ""Psmd3"", ""Psma3"", ""Psmc3"", ""Psmd6"", ""Psmc6"", ""Psmd12"", ""Psmb5"", ""Psma7"", ""Psma5"", ""Psmd14"")"
"73","REACTOME_DEADENYLATION_DEPENDENT_MRNA_DECAY","0.000714866194707603","0.00332375931766112","0.477270815362862","-0.723031603354055","-1.82650096893401","21","c(""Eif4a1"", ""Eif4a3"", ""Lsm7"", ""Lsm5"", ""Lsm4"", ""Lsm6"", ""Lsm2"", ""Exosc3"", ""Nt5c3b"", ""Lsm3"")"
"74","REACTOME_FC_EPSILON_RECEPTOR_FCERI_SIGNALING","0.000177484974532625","0.000952925279931119","0.518848077743792","-0.552725330744888","-1.82200250535631","67","c(""Nfkbia"", ""Psma2"", ""Psma6"", ""Calm2"", ""Psmb3"", ""Psmc4"", ""Ubb"", ""Psmb6"", ""Psma1"", ""Lat"", ""Psmc2"", ""Psmb2"", ""Psmc5"", ""Ube2n"", ""Kras"", ""Nfatc3"", ""Psmb7"", ""Psme2"", ""Psma4"", ""Psmd2"", ""Bcl10"", ""Psmd13"", ""Psmd3"", ""Psma3"", ""Psmc3"", ""Psmd6"", ""Psmc6"", ""Psmd12"", ""Psmb5"", ""Psma7"", ""Cdc34"", ""Psma5"", ""Pak1"", ""Psmd14"")"
"75","WP_OXIDATIVE_PHOSPHORYLATION","0.00136352839781113","0.00585667911821732","0.45505986738723","-0.727977849645099","-1.81568694416442","19","c(""Ndufa5"", ""Ndufc1"", ""Ndufs6"", ""Ndufb7"", ""Ndufb2"", ""Ndufb6"", ""Ndufc2"", ""Ndufb8"", ""Ndufv1"", ""Ndufs8"", ""Ndufa9"", ""Ndufv2"", ""Ndufs7"", ""mt-Nd1"")"
"76","REACTOME_MITOTIC_G2_G2_M_PHASES","9.7968241001209e-06","8.83673533830905e-05","0.593325476396405","-0.513135678854992","-1.80898291161702","107","c(""Tuba1a"", ""Tubb5"", ""Tuba1b"", ""Dynll1"", ""Psma2"", ""Psma6"", ""Tubb2a"", ""Psmb3"", ""Psmc4"", ""Ubb"", ""Tubb4b"", ""Psmb6"", ""Psma1"", ""Psmc2"", ""Ccnb2"", ""Psmb2"", ""Psmc5"", ""Ccna2"", ""Ywhae"", ""Phlda1"", ""Psmb7"", ""Psme2"", ""Psma4"", ""Psmd2"", ""Tuba1c"", ""Ccnb1"", ""Psmd13"", ""Psmd3"", ""Psma3"", ""Psmc3"", ""Psmd6"", ""Cdk1"", ""Nek2"", ""Tubg1"", ""Tubb2b"", ""Psmc6"", ""Psmd12"", ""Psmb5"", ""Psma7"", ""Cep57"", ""Hsp90aa1"", ""Psma5"", ""Ssna1"", ""Psmd14"")"
"77","REACTOME_CYTOPROTECTION_BY_HMOX1","0.00101442145250575","0.00457504075080094","0.45505986738723","-0.715196266610306","-1.80670757389015","21","c(""Cycs"", ""Cox7a2"", ""Cox6a1"", ""Cox7c"", ""Cox7b"", ""Cox5b"", ""Ndufa4"")"
"78","REACTOME_INTRAFLAGELLAR_TRANSPORT","0.00147486675683378","0.00621649446104704","0.45505986738723","-0.719301359747898","-1.80474243914911","20","c(""Tuba1a"", ""Tuba1b"", ""Dynll1"", ""Tubb2a"", ""Tubb4b"", ""Tuba1c"", ""Tubb2b"")"
"79","REACTOME_TP53_REGULATES_METABOLIC_GENES","0.000307487360265065","0.00155816628628701","0.49849310876659","-0.689672238478132","-1.80463206656268","25","c(""Cycs"", ""Cox7a2"", ""Cox6a1"", ""Cox7c"", ""Cox7b"", ""Cox5b"", ""Ndufa4"", ""Rheb"", ""Ywhae"", ""Txn1"", ""Prdx1"")"
"80","REACTOME_MITOTIC_PROPHASE","0.000565291983789485","0.00271219877328785","0.477270815362862","-0.60961750938904","-1.78661640357428","43","c(""H3f3a"", ""Arpp19"", ""H3f3b"", ""Banf1"", ""Set"", ""Ccnb2"", ""Smc4"", ""Lmnb1"", ""Ccnb1"", ""Sec13"", ""Cdk1"", ""Lmna"", ""Seh1l"", ""Plk1"", ""Nup43"", ""Smc2"", ""Nup37"", ""Nup50"", ""Ncapd3"", ""Nup107"", ""Ncapg2"", ""Aaas"", ""Nup93"", ""Ncaph2"", ""Nup54"", ""Mapk1"")"
"81","REACTOME_EXTENSION_OF_TELOMERES","0.000690882779403482","0.00324570972407261","0.477270815362862","-0.634652969904373","-1.78079719568802","33","c(""Pcna"", ""Lig1"", ""Rpa3"", ""Ccna2"", ""Gar1"", ""Nhp2"", ""Dkc1"", ""Rpa1"", ""Nop10"", ""Rfc3"", ""Rfc4"", ""Cdk2"", ""Pif1"", ""Pola1"", ""Terf1"", ""Rfc5"")"
"82","REACTOME_SIGNALING_BY_THE_B_CELL_RECEPTOR_BCR","0.000387518547212394","0.0018996833129651","0.49849310876659","-0.53934597573943","-1.77212240835347","66","c(""Nfkbia"", ""Psma2"", ""Psma6"", ""Calm2"", ""Psmb3"", ""Psmc4"", ""Ubb"", ""Psmb6"", ""Psma1"", ""Psmc2"", ""Psmb2"", ""Psmc5"", ""Kras"", ""Nfatc3"", ""Psmb7"", ""Psme2"", ""Psma4"", ""Psmd2"", ""Bcl10"", ""Psmd13"", ""Psmd3"", ""Psma3"", ""Psmc3"", ""Psmd6"", ""Psmc6"", ""Psmd12"", ""Psmb5"", ""Psma7"", ""Psma5"", ""Psmd14"", ""Psmd1"", ""Hras"")"
"83","REACTOME_TRANSCRIPTIONAL_REGULATION_BY_RUNX2","0.000306185385612665","0.00155816628628701","0.49849310876659","-0.594560420001086","-1.7633281982678","45","c(""Psma2"", ""Psma6"", ""Psmb3"", ""Psmc4"", ""Ubb"", ""Psmb6"", ""Psma1"", ""Psmc2"", ""Psmb2"", ""Psmc5"", ""Psmb7"", ""Psme2"", ""Psma4"", ""Psmd2"", ""Ccnb1"", ""Psmd13"", ""Psmd3"", ""Psma3"", ""Psmc3"", ""Psmd6"", ""Cdk1"", ""Psmc6"", ""Psmd12"", ""Psmb5"", ""Psma7"", ""Psma5"", ""Psmd14"")"
"84","REACTOME_MITOTIC_SPINDLE_CHECKPOINT","0.000192962375922911","0.00100029921311762","0.518848077743792","-0.524140867815961","-1.76281618577406","72","c(""Dynll1"", ""Ube2s"", ""Bub3"", ""Cenpf"", ""Sec13"", ""Cenpa"", ""Rcc2"", ""Cenpk"", ""Mad1l1"", ""Spc25"", ""Cdc20"", ""Cenpe"", ""Mad2l1"", ""Cenpp"", ""Ska2"", ""Ube2c"", ""Anapc15"", ""Anapc5"", ""Nudc"", ""Ska1"", ""Seh1l"", ""Ndc80"", ""Plk1"", ""Spdl1"", ""Nup43"", ""Aurkb"", ""Cenpl"", ""Kif18a"", ""Spc24"", ""Dynll2"", ""Cdc16"", ""Ckap5"", ""Nde1"", ""Nup37"", ""Rangap1"", ""Bub1b"", ""Kif2a"", ""Cdca8"", ""Nup107"", ""Nuf2"", ""Zwilch"", ""Nsl1"")"
"85","REACTOME_NUCLEOTIDE_EXCISION_REPAIR","0.00121076954786365","0.00530152491346122","0.45505986738723","-0.573522881571619","-1.76111738246894","50","c(""Pcna"", ""Polr2l"", ""Sumo2"", ""Ubb"", ""Pole4"", ""Rad23a"", ""Gtf2h4"", ""Lig1"", ""Polr2k"", ""Rpa3"", ""Ube2n"", ""Cops3"", ""Polr2i"", ""Cops5"", ""Rpa1"", ""Polr2f"", ""Isy1"", ""Rfc3"", ""Polr2e"", ""Xrcc1"", ""Polr2c"", ""Rfc4"", ""Pole2"", ""Chd1l"", ""Actl6a"", ""Prpf19"", ""Polr2d"", ""Rfc5"")"
"86","REACTOME_MITOTIC_G1_PHASE_AND_G1_S_TRANSITION","0.000132291022044096","0.000727600621242527","0.518848077743792","-0.506488443009074","-1.75789283504421","89","c(""Psma2"", ""Psma6"", ""Psmb3"", ""Psmc4"", ""Ubb"", ""Psmb6"", ""Pole4"", ""Psma1"", ""Rpa3"", ""Psmc2"", ""Psmb2"", ""Hdac1"", ""Psmc5"", ""Ccna2"", ""Ccne2"", ""E2f2"", ""Psmb7"", ""Psme2"", ""Psma4"", ""Psmd2"", ""Psmd13"", ""Mcm5"", ""Psmd3"", ""Psma3"", ""Psmc3"", ""Ccne1"", ""Mcm7"", ""Psmd6"", ""Rpa1"", ""E2f4"", ""Psmc6"", ""Psmd12"", ""Psmb5"", ""Rbbp4"", ""Psma7"", ""Gmnn"", ""Orc6"", ""Psma5"", ""Cdc45"", ""Psmd14"", ""Mcm4"", ""Psmd1"", ""Psmb4"", ""Ccnd2"", ""Pole2"", ""Cdk2"", ""Psmd7"", ""Dbf4"", ""Orc1"", ""Pola1"", ""Cdkn1c"")"
"87","REACTOME_AMPLIFICATION_OF_SIGNAL_FROM_THE_KINETOCHORES","0.000317904534960064","0.00159305494741099","0.49849310876659","-0.544116118505447","-1.75448071995197","63","c(""Dynll1"", ""Bub3"", ""Cenpf"", ""Sec13"", ""Cenpa"", ""Rcc2"", ""Cenpk"", ""Mad1l1"", ""Spc25"", ""Cdc20"", ""Cenpe"", ""Mad2l1"", ""Cenpp"", ""Ska2"", ""Nudc"", ""Ska1"", ""Seh1l"", ""Ndc80"", ""Plk1"", ""Spdl1"", ""Nup43"", ""Aurkb"", ""Cenpl"", ""Kif18a"", ""Spc24"", ""Dynll2"", ""Ckap5"", ""Nde1"", ""Nup37"", ""Rangap1"", ""Bub1b"", ""Kif2a"", ""Cdca8"", ""Nup107"", ""Nuf2"", ""Zwilch"", ""Nsl1"", ""Cenpc1"", ""Cenpi"", ""Ppp2r5d"", ""Cenph"")"
"88","REACTOME_THE_ROLE_OF_GTSE1_IN_G2_M_PROGRESSION_AFTER_G2_CHECKPOINT","0.00112152874688939","0.0050080145034368","0.45505986738723","-0.568544678435641","-1.74624940661172","51","c(""Tuba1a"", ""Tuba1b"", ""Psma2"", ""Psma6"", ""Tubb2a"", ""Psmb3"", ""Psmc4"", ""Ubb"", ""Tubb4b"", ""Psmb6"", ""Psma1"", ""Psmc2"", ""Ccnb2"", ""Psmb2"", ""Psmc5"", ""Psmb7"", ""Psme2"", ""Psma4"", ""Psmd2"", ""Tuba1c"", ""Ccnb1"", ""Psmd13"", ""Psmd3"", ""Psma3"", ""Psmc3"", ""Psmd6"", ""Cdk1"", ""Tubb2b"", ""Psmc6"", ""Psmd12"", ""Psmb5"", ""Psma7"", ""Hsp90aa1"", ""Psma5"", ""Psmd14"")"
"89","REACTOME_RNA_POLYMERASE_II_PROMOTER_ESCAPE","0.00145116377244967","0.00617429114504531","0.45505986738723","-0.684788610955131","-1.7437722150172","22","c(""Polr2l"", ""Gtf2h4"", ""Gtf2a2"", ""Polr2k"", ""Ak6"", ""Polr2i"", ""Gtf2f1"", ""Taf3"", ""Polr2f"", ""Polr2e"", ""Polr2c"", ""Taf15"", ""Polr2d"")"
"90","REACTOME_TRANSCRIPTIONAL_REGULATION_BY_TP53","4.52444579567605e-05","0.000294522487150522","0.557332238758646","-0.489459092567816","-1.74291416036706","111","c(""Cycs"", ""Cox7a2"", ""Cox6a1"", ""Cox7c"", ""Pcna"", ""Cox7b"", ""Polr2l"", ""Ubb"", ""Gtf2h4"", ""Polr2k"", ""Rpa3"", ""Cox5b"", ""Hdac1"", ""Ndufa4"", ""Ccna2"", ""Ccne2"", ""Rheb"", ""Prelid1"", ""Ywhae"", ""Txn1"", ""Ak6"", ""Rbbp7"", ""Ccnb1"", ""Prdx1"", ""Polr2i"", ""Ccne1"", ""Mbd3"", ""Rpa1"", ""Gtf2f1"", ""Cdk1"", ""Taf3"", ""Rabggtb"", ""Polr2f"", ""Rbbp4"", ""Ddit4"", ""Chek1"", ""E2f8"", ""Bard1"", ""Rfc3"", ""Polr2e"", ""Cox8a"", ""Polr2c"", ""Nelfa"", ""Meaf6"", ""Pin1"", ""Rmi2"", ""Rfc4"", ""Aurkb"", ""Cdk2"", ""Rhno1"", ""Ywhaq"", ""Taf15"", ""Polr2d"", ""Rragd"", ""Rfc5"")"
"91","REACTOME_ANTIGEN_PROCESSING_UBIQUITINATION_PROTEASOME_DEGRADATION","0.000162336419823448","0.000882093076390061","0.518848077743792","-0.506101594880026","-1.73929888415735","86","c(""Psma2"", ""Psma6"", ""Psmb3"", ""Psmc4"", ""Ubb"", ""Psmb6"", ""Psma1"", ""Ube2s"", ""Psmc2"", ""Psmb2"", ""Psmc5"", ""Ube2n"", ""Psmb7"", ""Psme2"", ""Psma4"", ""Psmd2"", ""Psmd13"", ""Psmd3"", ""Psma3"", ""Psmc3"", ""Psmd6"", ""Ccnf"", ""Psmc6"", ""Psmd12"", ""Psmb5"", ""Psma7"", ""Cdc34"", ""Cdc20"", ""Psma5"", ""Ube2c"", ""Psmd14"", ""Anapc5"", ""Psmd1"", ""Lrr1"", ""Psmb4"", ""Ube2l3"", ""Rnf126"", ""Psmd7"", ""Anapc13"", ""Cdc16"", ""Hecw2"")"
"92","REACTOME_REGULATION_OF_RUNX3_EXPRESSION_AND_ACTIVITY","0.00124471906989663","0.00539777212041713","0.45505986738723","-0.613527599820492","-1.73279261212951","35","c(""Psma2"", ""Psma6"", ""Psmb3"", ""Psmc4"", ""Ubb"", ""Psmb6"", ""Psma1"", ""Psmc2"", ""Psmb2"", ""Psmc5"", ""Psmb7"", ""Psme2"", ""Psma4"", ""Psmd2"", ""Psmd13"", ""Psmd3"", ""Psma3"", ""Psmc3"", ""Psmd6"", ""Psmc6"", ""Psmd12"", ""Psmb5"", ""Psma7"", ""Psma5"", ""Psmd14"")"
"93","REACTOME_RNA_POLYMERASE_II_PRE_TRANSCRIPTION_EVENTS","0.00119026261058866","0.0052628278174067","0.45505986738723","-0.637423221396842","-1.72397360263177","29","c(""Polr2l"", ""Gtf2h4"", ""Gtf2a2"", ""Polr2k"", ""Ak6"", ""Polr2i"", ""Gtf2f1"", ""Taf3"", ""Polr2f"", ""Leo1"", ""Polr2e"", ""Polr2c"", ""Nelfa"", ""Taf15"", ""Polr2d"", ""Iws1"")"
"94","REACTOME_APOPTOSIS","0.00224008589277801","0.00935443275595262","0.431707695803346","-0.61851442488717","-1.7099937031647","32","c(""Satb1"", ""Cycs"", ""Dynll1"", ""Hmgb1"", ""Hmgb2"", ""Ywhae"", ""Lmnb1"", ""Lmna"", ""Bid"", ""Bcl2l11"")"
"95","REACTOME_DNA_REPAIR","0.000116542439557698","0.000682605717409374","0.538434096309916","-0.472834512879672","-1.70360715758932","124","c(""Pcna"", ""Polr2l"", ""Sumo2"", ""Ubb"", ""Pole4"", ""Kpna2"", ""Rad23a"", ""Gtf2h4"", ""Lig1"", ""Polr2k"", ""Rpa3"", ""Ccna2"", ""Ube2n"", ""Cops3"", ""Polr2i"", ""Cops5"", ""Rpa1"", ""Xrcc6"", ""Polr2f"", ""Smarca5"", ""Chek1"", ""Isg15"", ""Usp1"", ""Bard1"", ""Isy1"", ""Rfc3"", ""Polr2e"", ""Rad51ap1"", ""Xrcc1"", ""Polr2c"", ""Brcc3"", ""Rmi2"", ""Rfc4"", ""Pole2"", ""Cdk2"", ""Timeless"", ""Chd1l"", ""Actl6a"", ""Rhno1"", ""Prpf19"", ""Polr2d"", ""Terf1"", ""Rfc5"", ""Rev1"", ""Tdp1"", ""Clspn"", ""Faap24"", ""Tipin"", ""Exo1"", ""Fignl1"", ""Terf2ip"", ""Ube2t"", ""Pole3"", ""Rad51"", ""Rbbp8"", 
""Babam1"", ""Polr2h"", ""Rad23b"")"
"96","REACTOME_FORMATION_OF_THE_EARLY_ELONGATION_COMPLEX","0.00487056029617897","0.0189364025308337","0.407017918923954","-0.698830185283349","-1.6547415211882","16","c(""Polr2l"", ""Gtf2h4"", ""Polr2k"", ""Polr2i"", ""Gtf2f1"", ""Polr2f"", ""Polr2e"", ""Polr2c"", ""Nelfa"")"
"97","REACTOME_TRANSCRIPTION_COUPLED_NUCLEOTIDE_EXCISION_REPAIR_TC_NER","0.00367871727231465","0.0145535218404729","0.431707695803346","-0.566705437116138","-1.65463603494408","40","c(""Pcna"", ""Polr2l"", ""Ubb"", ""Pole4"", ""Gtf2h4"", ""Lig1"", ""Polr2k"", ""Rpa3"", ""Cops3"", ""Polr2i"", ""Cops5"", ""Rpa1"", ""Polr2f"", ""Isy1"", ""Rfc3"", ""Polr2e"", ""Xrcc1"", ""Polr2c"", ""Rfc4"", ""Pole2"", ""Prpf19"", ""Polr2d"", ""Rfc5"")"
"98","REACTOME_ACTIVATION_OF_THE_PRE_REPLICATIVE_COMPLEX","0.00273607754426744","0.0113208346097671","0.431707695803346","-0.61140856930307","-1.65361442526601","29","c(""Pole4"", ""Rpa3"", ""Mcm5"", ""Mcm7"", ""Rpa1"", ""Gmnn"", ""Orc6"", ""Cdc45"", ""Mcm4"", ""Pole2"", ""Cdk2"", ""Dbf4"", ""Orc1"", ""Pola1"", ""Cdc6"", ""Pole3"", ""Orc2"", ""Mcm2"")"
"99","REACTOME_INTERLEUKIN_1_SIGNALING","0.00317647215470622","0.0127909726943974","0.431707695803346","-0.516507550374835","-1.64340612092231","55","c(""Nfkbia"", ""Psma2"", ""Hmgb1"", ""Psma6"", ""Psmb3"", ""Psmc4"", ""Ubb"", ""Psmb6"", ""Psma1"", ""Psmc2"", ""Psmb2"", ""Psmc5"", ""Ube2n"", ""Psmb7"", ""Psme2"", ""Psma4"", ""Psmd2"", ""Psmd13"", ""Nfkb2"", ""Psmd3"", ""Psma3"", ""Psmc3"", ""Psmd6"", ""Psmc6"", ""Psmd12"", ""Psmb5"", ""Psma7"", ""Psma5"", ""Psmd14"")"
"100","REACTOME_CLASS_I_MHC_MEDIATED_ANTIGEN_PROCESSING_PRESENTATION","0.000684475288261274","0.00324570972407261","0.477270815362862","-0.464362475096365","-1.64233740381489","108","c(""Psma2"", ""Psma6"", ""H2-T22"", ""Psmb3"", ""Psmc4"", ""Ubb"", ""Psmb6"", ""Psma1"", ""Ube2s"", ""Psmc2"", ""Psmb2"", ""Psmc5"", ""Ube2n"", ""Psmb7"", ""Psme2"", ""Psma4"", ""Psmd2"", ""H2-K1"", ""Psmd13"", ""Psmd3"", ""Psma3"", ""Psmc3"", ""Sec13"", ""Psmd6"", ""Ccnf"", ""Psmc6"", ""Psmd12"", ""Psmb5"", ""Psma7"", ""Cdc34"", ""Cdc20"", ""Psma5"", ""H2-Q4"", ""Ube2c"", ""Psmd14"", ""Anapc5"", ""Psmd1"", ""Lrr1"", ""Psmb4"", ""Ube2l3"", ""Rnf126"", ""Psmd7"", ""Anapc13"", ""H2-Q2"", ""Cdc16"", ""Hecw2"")"
"101","WP_MRNA_PROCESSING","2.96887154331524e-05","0.000202872888793208","0.575610261071129","-0.428768009284858","-1.62109123288349","185","c(""Hnrnpa3"", ""Srsf3"", ""Ybx1"", ""Snrpf"", ""Srsf2"", ""Hnrnpd"", ""Snrpg"", ""U2af1"", ""Alyref"", ""Eif4a3"", ""Srsf7"", ""Lsm7"", ""Hnrnpdl"", ""Ncl"", ""Hnrnpm"", ""Snrpd2"", ""Lsm4"", ""Hnrnpab"", ""Rbm8a"", ""Snrpb"", ""Lsm2"", ""Hnrnpu"", ""Rbm3"", ""Fbl"", ""Hnrnpa2b1"", ""Snrpa1"", ""Snrnp40"", ""Rbmxl1"", ""G3bp1"", ""Snrpc"", ""U2af2"", ""Snrpb2"", ""Sfpq"", ""Ddx39b"", ""Slbp"", ""Srsf10"", ""Raly"", ""Snrpd1"", ""Srsf6"", ""Srsf9"", ""Pcbp1"", ""Snrpd3"", ""Rad21"", ""Nip7"", ""Dazap1"", ""Sf3b5"", ""Ewsr1"", ""Phf5a"", ""Ppm1g"", ""Zbp1"", ""Ltv1"", ""Ssb"", ""U2surp"", ""Mak16"", ""Mrps28"", 
""Ddx21"", ""Txnl4a"", ""Nifk"", ""Rbm17"", ""Sf3b6"", ""Sf3a3"", ""Eif3g"", ""Hnrnpa1"", ""Slirp"", ""Eif4e"", ""Mrpl23"", ""Ddx1"", ""Myef2"", ""Smn1"", ""Bard1"", ""Syncrip"", ""Prmt1"", ""Lsm8"", ""Naa38"", ""Srrm1"", ""Sf3b4"", ""Prpf40a"", ""Sf3a2"", ""Ppp1r8"", ""Imp4"", ""Ptbp1"")"
"102","REACTOME_ACTIVATION_OF_ATR_IN_RESPONSE_TO_REPLICATION_STRESS","0.00694412822296033","0.0258826597401249","0.407017918923954","-0.597018339823822","-1.61775799521438","28","c(""Rpa3"", ""Mcm5"", ""Mcm7"", ""Rpa1"", ""Chek1"", ""Orc6"", ""Cdc45"", ""Rfc3"", ""Mcm4"", ""Rfc4"", ""Cdk2"", ""Dbf4"", ""Orc1"", ""Rfc5"", ""Clspn"", ""Cdc6"", ""Orc2"", ""Mcm2"")"
"103","WP_GLYCOLYSIS_AND_GLUCONEOGENESIS","0.0130094345435262","0.0416803561192434","0.380730400722792","-0.623340439113134","-1.60524520035478","23","c(""Ldha"", ""Pkm"", ""Pgk1"", ""Gapdh"", ""Pfkp"", ""Mdh2"", ""Eno3"", ""Got1"", ""Pgam1"", ""Aldoa"")"
"104","REACTOME_RUNX1_REGULATES_TRANSCRIPTION_OF_GENES_INVOLVED_IN_DIFFERENTIATION_OF_HSCS","0.00563215294929228","0.0211675081677568","0.407017918923954","-0.54468342149762","-1.59977407033546","41","c(""Psma2"", ""Psma6"", ""Psmb3"", ""Psmc4"", ""Ubb"", ""Psmb6"", ""Psma1"", ""Psmc2"", ""Psmb2"", ""Psmc5"", ""Psmb7"", ""Psme2"", ""Psma4"", ""Psmd2"", ""Psmd13"", ""Psmd3"", ""Psma3"", ""Psmc3"", ""Psmd6"", ""Psmc6"", ""Psmd12"", ""Psmb5"", ""Psma7"", ""Psma5"", ""Psmd14"")"
"105","REACTOME_MITOTIC_PROMETAPHASE","0.000956675270820855","0.00435818734485056","0.477270815362862","-0.442815647590144","-1.5954501758612","124","c(""Tuba1a"", ""Tubb5"", ""Tuba1b"", ""Dynll1"", ""Tubb2a"", ""Tubb4b"", ""Ccnb2"", ""Bub3"", ""Smc4"", ""Ywhae"", ""Tuba1c"", ""Cenpf"", ""Ccnb1"", ""Sec13"", ""Rad21"", ""Cenpa"", ""Rcc2"", ""Cdk1"", ""Cenpk"", ""Nek2"", ""Tubg1"", ""Tubb2b"", ""Mad1l1"", ""Spc25"", ""Cdc20"", ""Cep57"", ""Stag2"", ""Cenpe"", ""Hsp90aa1"", ""Mad2l1"", ""Cenpp"", ""Ska2"", ""Ncapg"", ""Ssna1"", ""Nudc"", ""Ska1"", ""Seh1l"", ""Ndc80"", ""Plk1"", ""Spdl1"", ""Nup43"", ""Aurkb"", ""Cenpl"", ""Kif18a"", ""Spc24"", ""Smc2"", ""Dynll2"", ""Ckap5"", ""Nde1"", ""Nup37"", ""Ncaph"", ""Rangap1"", ""Haus7"", ""Bub1b"", ""Mzt2"", 
""Haus1"")"
"106","WP_EUKARYOTIC_TRANSCRIPTION_INITIATION","0.0129986229718912","0.0416803561192434","0.380730400722792","-0.628259243416135","-1.58708984713549","21","c(""Gtf2h4"", ""Gtf2a2"", ""Polr2k"", ""Ak6"", ""Polr2i"", ""Polr2j"", ""Polr2e"", ""Polr2c"")"
"107","REACTOME_TP53_REGULATES_TRANSCRIPTION_OF_DNA_REPAIR_GENES","0.0156010081380544","0.048861490765712","0.380730400722792","-0.66221335211862","-1.58307175204607","17","c(""Polr2l"", ""Gtf2h4"", ""Polr2k"", ""Polr2i"", ""Gtf2f1"", ""Polr2f"", ""Polr2e"", ""Polr2c"", ""Nelfa"")"
"108","REACTOME_AURKA_ACTIVATION_BY_TPX2","0.0071747744463504","0.0263075063032848","0.407017918923954","-0.539684711499363","-1.58166316333228","43","c(""Tuba1a"", ""Tubb5"", ""Dynll1"", ""Tubb4b"", ""Ywhae"", ""Cdk1"", ""Nek2"", ""Tubg1"", ""Cep57"", ""Hsp90aa1"", ""Ssna1"", ""Plk1"", ""Ckap5"", ""Nde1"", ""Haus7"", ""Hmmr"", ""Haus1"", ""Aurka"")"
"109","REACTOME_PTEN_REGULATION","0.00835112169489824","0.029424655346868","0.380730400722792","-0.526828730244825","-1.57709661467571","46","c(""Psma2"", ""Psma6"", ""Psmb3"", ""Psmc4"", ""Ubb"", ""Psmb6"", ""Psma1"", ""Psmc2"", ""Psmb2"", ""Hdac1"", ""Psmc5"", ""Rheb"", ""Psmb7"", ""Psme2"", ""Psma4"", ""Psmd2"", ""Rbbp7"", ""Psmd13"", ""Psmd3"", ""Psma3"", ""Psmc3"", ""Mbd3"", ""Psmd6"", ""Psmc6"", ""Psmd12"", ""Psmb5"", ""Rbbp4"", ""Psma7"", ""Psma5"", ""Psmd14"")"
"110","REACTOME_INTERLEUKIN_1_FAMILY_SIGNALING","0.00502911442596059","0.0193857316761387","0.407017918923954","-0.487051857054787","-1.5715210718666","61","c(""Nfkbia"", ""Psma2"", ""Hmgb1"", ""Psma6"", ""Psmb3"", ""Psmc4"", ""Ubb"", ""Psmb6"", ""Psma1"", ""Psmc2"", ""Psmb2"", ""Psmc5"", ""Ube2n"", ""Psmb7"", ""Psme2"", ""Psma4"", ""Psmd2"", ""Psmd13"", ""Nfkb2"", ""Psmd3"", ""Psma3"", ""Psmc3"", ""Psmd6"", ""Psmc6"", ""Psmd12"", ""Psmb5"", ""Psma7"")"
"111","REACTOME_RESOLUTION_OF_SISTER_CHROMATID_COHESION","0.00460669493847801","0.0180662558022051","0.407017918923954","-0.458087364138567","-1.56042013339158","83","c(""Tuba1a"", ""Tuba1b"", ""Dynll1"", ""Tubb2a"", ""Tubb4b"", ""Ccnb2"", ""Bub3"", ""Tuba1c"", ""Cenpf"", ""Ccnb1"", ""Sec13"", ""Rad21"", ""Cenpa"", ""Rcc2"", ""Cdk1"", ""Cenpk"", ""Tubb2b"", ""Mad1l1"", ""Spc25"", ""Cdc20"", ""Stag2"", ""Cenpe"", ""Mad2l1"", ""Cenpp"", ""Ska2"", ""Nudc"", ""Ska1"", ""Seh1l"", ""Ndc80"", ""Plk1"", ""Spdl1"", ""Nup43"", ""Aurkb"", ""Cenpl"", ""Kif18a"", ""Spc24"", ""Dynll2"", ""Ckap5"", ""Nde1"", ""Nup37"", ""Rangap1"")"
"112","REACTOME_DUAL_INCISION_IN_TC_NER","0.0115077523879868","0.0387313158730004","0.380730400722792","-0.551661452696121","-1.54792810325689","33","c(""Pcna"", ""Polr2l"", ""Ubb"", ""Pole4"", ""Gtf2h4"", ""Polr2k"", ""Rpa3"", ""Polr2i"", ""Rpa1"", ""Polr2f"", ""Isy1"", ""Rfc3"", ""Polr2e"", ""Polr2c"", ""Rfc4"", ""Pole2"", ""Prpf19"", ""Polr2d"", ""Rfc5"")"
"113","REACTOME_ANCHORING_OF_THE_BASAL_BODY_TO_THE_PLASMA_MEMBRANE","0.01303088738983","0.0416803561192434","0.380730400722792","-0.502688650678839","-1.5436066269133","50","c(""Tuba1a"", ""Tubb5"", ""Dynll1"", ""Tubb4b"", ""Ywhae"", ""Cdk1"", ""Nek2"", ""Tubg1"", ""Cep57"", ""Hsp90aa1"", ""Ssna1"", ""Plk1"", ""Ckap5"", ""Nde1"", ""Haus7"", ""Haus1"")"
"114","REACTOME_DNA_DOUBLE_STRAND_BREAK_REPAIR","0.00366292343719698","0.0145535218404729","0.431707695803346","-0.458802058800565","-1.54306550964097","72","c(""Pcna"", ""Sumo2"", ""Ubb"", ""Pole4"", ""Kpna2"", ""Rpa3"", ""Ccna2"", ""Ube2n"", ""Rpa1"", ""Xrcc6"", ""Smarca5"", ""Chek1"", ""Bard1"", ""Rfc3"", ""Rad51ap1"", ""Xrcc1"", ""Brcc3"", ""Rmi2"", ""Rfc4"", ""Pole2"", ""Cdk2"", ""Timeless"", ""Rhno1"", ""Rfc5"", ""Tdp1"", ""Clspn"", ""Tipin"", ""Exo1"", ""Fignl1"", ""Pole3"", ""Rad51"", ""Rbbp8"", ""Babam1"")"
"115","REACTOME_NUCLEAR_ENVELOPE_BREAKDOWN","0.00769639651098017","0.0275482129083497","0.407017918923954","-0.568266851177538","-1.53693341848121","29","c(""Banf1"", ""Ccnb2"", ""Lmnb1"", ""Ccnb1"", ""Sec13"", ""Cdk1"", ""Lmna"", ""Seh1l"", ""Plk1"", ""Nup43"", ""Nup37"", ""Nup50"", ""Nup107"", ""Aaas"", ""Nup93"", ""Nup54"")"
"116","REACTOME_CELLULAR_RESPONSES_TO_STIMULI","0.000189187311964832","0.000992133461583017","0.518848077743792","-0.397396149144653","-1.53407501291278","199","c(""Cycs"", ""Tuba1a"", ""Ets1"", ""Cox7a2"", ""Tuba1b"", ""Dynll1"", ""Psma2"", ""Cox6a1"", ""Cox7c"", ""Psma6"", ""Cox7b"", ""Tubb2a"", ""Hspa14"", ""Eif2s2"", ""Psmb3"", ""Psmc4"", ""Ubb"", ""Tubb4b"", ""Psmb6"", ""Psma1"", ""Eif2s1"", ""Ube2s"", ""Rpa3"", ""Psmc2"", ""Cox5b"", ""Hspa4l"", ""Psmb2"", ""Ndufa4"", ""Psmc5"", ""Ccna2"", ""Ccne2"", ""Rheb"", ""Ywhae"", ""St13"", ""Txn1"", ""Phb2"", ""Psmb7"", ""Psme2"", ""Psma4"", ""Psmd2"", ""Lmnb1"", ""Tuba1c"", ""Rbbp7"", ""Psmd13"", ""Prdx1"", ""Psmd3"", ""Psma3"", ""Psmc3"", ""Sec13"", ""Ccne1"", ""Psmd6"", ""Rpa1"", ""Hsph1"", ""Tubb2b"", ""Psmc6"", 
""Psmd12"", ""Psmb5"", ""Rps19bp1"", ""Rbbp4"", ""Psma7"", ""Asf1a"", ""Fkbp4"", ""Ezh2"", ""Hsp90aa1"", ""Psma5"", ""Ube2c"", ""Anapc15"", ""Psmd14"", ""Eed"", ""Cox8a"", ""Anapc5"", ""Stip1"")"
"117","REACTOME_DEUBIQUITINATION","0.00749162158522835","0.0270297706795039","0.407017918923954","-0.444331090235016","-1.52568443646127","85","c(""Nfkbia"", ""Psma2"", ""Psma6"", ""Psmb3"", ""Psmc4"", ""Ubb"", ""Psmb6"", ""Uchl3"", ""Psma1"", ""Rad23a"", ""Psmc2"", ""Psmb2"", ""Psmc5"", ""Ccna2"", ""Psmb7"", ""Psme2"", ""Psma4"", ""Psmd2"", ""Psmd13"", ""Psmd3"", ""Psma3"", ""Psmc3"", ""Uchl5"", ""Psmd6"", ""Cdk1"", ""Psmc6"", ""Psmd12"", ""Psmb5"", ""Vdac1"", ""Psma7"", ""Vdac2"", ""Cdc20"", ""Psma5"", ""Bard1"", ""Psmd14"", ""Birc3"", ""Vdac3"", ""Psmd1"", ""Tomm20"", ""Psmb4"", ""Brcc3"")"
"118","REACTOME_SUMOYLATION_OF_DNA_REPLICATION_PROTEINS","0.0140856709776461","0.0444240392371915","0.380730400722792","-0.568105408882934","-1.52343731947844","27","c(""Pcna"", ""Sumo2"", ""Top2a"", ""Seh1l"", ""Nup43"", ""Aurkb"", ""Nup37"", ""Nup50"", ""Rangap1"", ""Cdca8"", ""Nup107"", ""Aaas"", ""Nup93"", ""Nup54"")"
"119","REACTOME_RESOLUTION_OF_ABASIC_SITES_AP_SITES","0.0140856709776461","0.0444240392371915","0.380730400722792","-0.57666995959735","-1.50894445629593","25","c(""Pcna"", ""Pole4"", ""Lig1"", ""Rpa3"", ""Rpa1"", ""Rfc3"", ""Xrcc1"", ""Rfc4"", ""Pole2"", ""Rfc5"")"
"120","REACTOME_GENE_EXPRESSION_TRANSCRIPTION","8.74691257760345e-06","8.60100565066048e-05","0.593325476396405","-0.375625196471878","-1.49946524328308","330","c(""Cycs"", ""Lef1"", ""H3f3a"", ""Cox7a2"", ""Srsf3"", ""H3f3b"", ""Snrpf"", ""Srsf2"", ""Snrpg"", ""Psma2"", ""Dek"", ""Cox6a1"", ""Cox7c"", ""Pcna"", ""Psma6"", ""U2af1"", ""Cox7b"", ""Alyref"", ""Eif4a3"", ""Srsf7"", ""Polr2l"", ""Psmb3"", ""Ran"", ""Psmc4"", ""Ubb"", ""Psmb6"", ""Magoh"", ""Rbm8a"", ""Snrpb"", ""Psma1"", ""Gtf2h4"", ""Gtf2a2"", ""Polr2k"", ""Rpa3"", ""Psmc2"", ""Cox5b"", ""Psmb2"", ""Hdac1"", ""Ndufa4"", ""Tcf7"", ""Psmc5"", ""Ccna2"", ""Ccne2"", ""Ctsl"", ""Rheb"", ""Prelid1"", ""Ywhae"", ""U2af2"", ""Txn1"", ""Psmb7"", ""Psme2"", ""Psma4"", ""Ddx39b"", ""Psmd2"", ""Ak6"", ""Slbp"", 
""Srsf9"", ""Rbbp7"", ""Ccnb1"", ""Psmd13"", ""Prdx1"", ""Psmd3"", ""Snrpd3"", ""Psma3"", ""Psmc3"", ""Sec13"", ""Polr2i"", ""Ccne1"", ""Ctcf"", ""Mbd3"", ""Psmd6"", ""Rpa1"", ""Gtf2f1"", ""Cdk1"", ""E2f4"", ""Taf3"", ""Ddx21"", ""Psmc6"", ""Rabggtb"", ""Psmd12"", ""Nr4a1"", ""Psmb5"", ""Polr2f"", ""Rbbp4"", ""Smarca5"", ""Ddit4"", ""Chek1"", ""Psma7"", ""Thoc7"", ""Nr4a3"", ""Skil"", ""E2f8"", ""Ezh2"", ""Maml2"", ""Leo1"", ""Psma5"", ""Rorc"", ""Bard1"", ""Prmt1"", ""Thoc6"", ""Atad2"", ""Psmd14"", ""Rfc3"", ""Polr2e"", ""Srrm1"", ""Psip1"", ""Eed"", ""Cox8a"", ""Polr2c"", ""Tfam"", ""Nelfa"", ""Psmd1"")"
"121","REACTOME_SIGNALING_BY_WNT","0.00861887167618767","0.0301326443872918","0.380730400722792","-0.451038769926149","-1.49467888634195","68","c(""Lef1"", ""Psma2"", ""Psma6"", ""Calm2"", ""Psmb3"", ""Psmc4"", ""Ubb"", ""Psmb6"", ""Psma1"", ""Cltb"", ""Psmc2"", ""Psmb2"", ""Hdac1"", ""Tcf7"", ""Psmc5"", ""Kras"", ""Psmb7"", ""Psme2"", ""Psma4"", ""Psmd2"", ""Psmd13"", ""Psmd3"", ""Psma3"", ""Psmc3"", ""Psmd6"", ""Psmc6"", ""Psmd12"", ""Psmb5"", ""Psma7"", ""Leo1"", ""Psma5"")"
"122","REACTOME_HOMOLOGY_DIRECTED_REPAIR","0.012213735992564","0.0408029254270101","0.380730400722792","-0.461618039278817","-1.48465447060526","60","c(""Pcna"", ""Sumo2"", ""Ubb"", ""Pole4"", ""Rpa3"", ""Ccna2"", ""Ube2n"", ""Rpa1"", ""Chek1"", ""Bard1"", ""Rfc3"", ""Rad51ap1"", ""Xrcc1"", ""Brcc3"", ""Rmi2"", ""Rfc4"", ""Pole2"", ""Cdk2"", ""Timeless"", ""Rhno1"", ""Rfc5"", ""Clspn"", ""Tipin"", ""Exo1"", ""Fignl1"", ""Pole3"", ""Rad51"", ""Rbbp8"", ""Babam1"")"
"123","REACTOME_UB_SPECIFIC_PROCESSING_PROTEASES","0.0127737219089752","0.0416803561192434","0.380730400722792","-0.445464798443451","-1.48020247388932","69","c(""Nfkbia"", ""Psma2"", ""Psma6"", ""Psmb3"", ""Psmc4"", ""Ubb"", ""Psmb6"", ""Psma1"", ""Psmc2"", ""Psmb2"", ""Psmc5"", ""Ccna2"", ""Psmb7"", ""Psme2"", ""Psma4"", ""Psmd2"", ""Psmd13"", ""Psmd3"", ""Psma3"", ""Psmc3"", ""Psmd6"", ""Psmc6"", ""Psmd12"", ""Psmb5"", ""Vdac1"", ""Psma7"", ""Vdac2"", ""Cdc20"", ""Psma5"", ""Psmd14"", ""Birc3"", ""Vdac3"", ""Psmd1"", ""Tomm20"", ""Psmb4"")"
"124","REACTOME_RHO_GTPASES_ACTIVATE_FORMINS","0.00939306219787903","0.0325867003941803","0.380730400722792","-0.423872414625023","-1.43881934825333","80","c(""Tuba1a"", ""Tuba1b"", ""Dynll1"", ""Tubb2a"", ""Tubb4b"", ""Bub3"", ""Tuba1c"", ""Cenpf"", ""Sec13"", ""Cenpa"", ""Rcc2"", ""Cenpk"", ""Tubb2b"", ""Mad1l1"", ""Spc25"", ""Cdc20"", ""Cenpe"", ""Mad2l1"", ""Cenpp"", ""Ska2"", ""Nudc"", ""Ska1"", ""Seh1l"", ""Ndc80"", ""Plk1"", ""Spdl1"", ""Nup43"", ""Aurkb"", ""Cenpl"", ""Kif18a"", ""Spc24"", ""Dynll2"", ""Ckap5"", ""Srgap2"", ""Nde1"", ""Nup37"", ""Rangap1"")"
"125","REACTOME_METABOLISM_OF_RNA","0.00012686275097166","0.000706359267755786","0.518848077743792","-0.353781873929404","-1.42150323352645","307","c(""Hnrnpa3"", ""Eif4a1"", ""Srsf3"", ""Ybx1"", ""Snrpf"", ""Srsf2"", ""Hnrnpd"", ""Snrpg"", ""Psma2"", ""Zfp36l1"", ""Psma6"", ""U2af1"", ""Rpl15"", ""Alyref"", ""Eif4a3"", ""Rpl35"", ""Srsf7"", ""Lsm7"", ""Polr2l"", ""Ncl"", ""Psmb3"", ""Psmc4"", ""Ubb"", ""Set"", ""Psmb6"", ""Snrpd2"", ""Lsm5"", ""Lsm4"", ""Magoh"", ""Rbm8a"", ""Snrpb"", ""Psma1"", ""Anp32a"", ""Lsm6"", ""Lsm2"", ""Gtf2h4"", ""Hnrnpu"", ""Exosc3"", ""Fbl"", ""Polr2k"", ""Psmc2"", ""Hnrnpa2b1"", ""Snrpa1"", ""Psmb2"", ""Psmc5"", ""Snrnp40"", ""Nt5c3b"", ""Snrpc"", ""U2af2"", ""Nop58"", ""Snrpb2"", ""Psmb7"", ""Psme2"", ""Psma4"", ""Ddx39b"", 
""Psmd2"", ""Slbp"", ""Srsf10"", ""Snrpd1"", ""Rps27l"", ""Bysl"", ""Srsf9"", ""Nop56"", ""Psmd13"", ""Gspt1"", ""Pcbp1"", ""Lsm3"", ""Psmd3"", ""Snrpd3"", ""Psma3"", ""Psmc3"", ""Sec13"", ""Wdr12"", ""Rplp2"", ""Polr2i"", ""Dcaf13"", ""Smu1"", ""Bcas2"", ""Etf1"", ""Rpl31"", ""Rpl5"", ""Nip7"", ""Mphosph10"", ""Eri1"", ""Sf3b5"", ""Psmd6"", ""Phf5a"", ""Gtf2f1"", ""Ltv1"", ""U2surp"", ""Wdr43"", ""Ddx21"", ""Txnl4a"", ""Psmc6"", ""Rpl36al"", ""Rbm17"", ""Psmd12"", ""Psmb5"", ""Sf3a3"", ""Prpf38a"", ""Wdr18"", ""Polr2f"", ""Gnl3"", ""Psma7"", ""Thoc7"", ""Rpp30"", ""Ftsj3"", ""Ebna1bp2"", ""Hnrnpa1"", 
""Eif4e"", ""Ppih"", ""Psma5"", ""Smn1"", ""Utp18"", ""Pdcd11"", ""Thoc6"", ""Isy1"", ""Psmd14"", ""Wbp11"", ""Pno1"", ""Lsm8"", ""Polr2e"", ""Srrm1"", ""Sf3b4"", ""Prpf40a"", ""Sf3a2"", ""Pnn"", ""Polr2c"", ""Exosc2"", ""Psmd1"", ""Imp4"", ""Ptbp1"", ""Seh1l"")"
"126","REACTOME_GENERIC_TRANSCRIPTION_PATHWAY","0.000539492795474416","0.00261625000816088","0.477270815362862","-0.365060169271593","-1.42049613969771","241","c(""Cycs"", ""Lef1"", ""H3f3a"", ""Cox7a2"", ""H3f3b"", ""Psma2"", ""Dek"", ""Cox6a1"", ""Cox7c"", ""Pcna"", ""Psma6"", ""Cox7b"", ""Polr2l"", ""Psmb3"", ""Psmc4"", ""Ubb"", ""Psmb6"", ""Psma1"", ""Gtf2h4"", ""Polr2k"", ""Rpa3"", ""Psmc2"", ""Cox5b"", ""Psmb2"", ""Hdac1"", ""Ndufa4"", ""Tcf7"", ""Psmc5"", ""Ccna2"", ""Ccne2"", ""Ctsl"", ""Rheb"", ""Prelid1"", ""Ywhae"", ""Txn1"", ""Psmb7"", ""Psme2"", ""Psma4"", ""Psmd2"", ""Ak6"", ""Rbbp7"", ""Ccnb1"", ""Psmd13"", ""Prdx1"", ""Psmd3"", ""Psma3"", ""Psmc3"", ""Polr2i"", ""Ccne1"", ""Ctcf"", ""Mbd3"", ""Psmd6"", ""Rpa1"", ""Gtf2f1"", ""Cdk1"", ""E2f4"", ""Taf3"", 
""Psmc6"", ""Rabggtb"", ""Psmd12"", ""Nr4a1"", ""Psmb5"", ""Polr2f"", ""Rbbp4"", ""Ddit4"", ""Chek1"", ""Psma7"", ""Nr4a3"", ""Skil"", ""E2f8"", ""Ezh2"", ""Maml2"", ""Psma5"", ""Rorc"", ""Bard1"", ""Prmt1"", ""Atad2"", ""Psmd14"", ""Rfc3"", ""Polr2e"", ""Eed"", ""Cox8a"", ""Polr2c"", ""Nelfa"", ""Psmd1"")"
"127","REACTOME_ADAPTIVE_IMMUNE_SYSTEM","0.00289098066377434","0.0117462367510111","0.431707695803346","-0.327464417405616","-1.29222417640485","270","c(""Cd8a"", ""Cd28"", ""Cd8b1"", ""Tuba1a"", ""Ptprc"", ""Cd3d"", ""Tuba1b"", ""Nfkbia"", ""Cd4"", ""Dynll1"", ""Cd3e"", ""Psma2"", ""Psma6"", ""Tubb2a"", ""H2-T22"", ""Calm2"", ""Psmb3"", ""Psmc4"", ""Ubb"", ""Tubb4b"", ""Psmb6"", ""Cd40lg"", ""Psma1"", ""Lat"", ""Ube2s"", ""Cd200"", ""Psmc2"", ""Psmb2"", ""Psmc5"", ""Ube2n"", ""Kras"", ""Ctsl"", ""Nfatc3"", ""Psmb7"", ""Psme2"", ""Psma4"", ""Psmd2"", ""Bcl10"", ""Tuba1c"", ""H2-K1"", ""Psmd13"", ""Psmd3"", ""Psma3"", ""Psmc3"", ""Sec13"", ""Ctss"", ""Psmd6"", ""Kif11"", ""Ccnf"", ""Tubb2b"", ""Psmc6"", ""Icam2"", ""Psmd12"", ""Psmb5"", ""Racgap1"", ""Psma7"", 
""Icos"", ""Cd274"", ""Cdc34"", ""Treml2"", ""Cdc20"", ""Pdcd1lg2"", ""Cenpe"", ""Psma5"", ""Pak1"", ""Rapgef4"", ""Crtam"", ""H2-Q4"", ""Kif22"", ""Ube2c"", ""Psmd14"", ""Kif15"", ""Cd226"")"
"128","WP_FOCAL_ADHESION_PI3KAKTMTOR_SIGNALING_PATHWAY","0.00811102746370523","0.0288037274498509","0.380730400722792","0.585693352792101","1.52924833576975","86","c(""Pdgfrb"", ""Il2ra"", ""Kit"", ""Itga4"", ""Itgae"", ""Igf1r"", ""Angpt1"", ""Hsp90ab1"", ""Pik3cd"", ""Hsp90b1"", ""Slc2a3"", ""Itgb3"", ""Rps6"", ""Itgb7"", ""Cdkn1a"")"
"129","REACTOME_MUSCLE_CONTRACTION","0.0108426410311638","0.0370456901898097","0.380730400722792","0.630692051722302","1.54827752154536","49","c(""Myl10"", ""Camk2d"", ""Atp2b4"", ""Camk2a"", ""Aldh2"", ""Atp1b3"", ""Tpm4"", ""Myl4"")"
"130","WP_GPCRS_NONODORANT","0.01124946535665","0.0381466832770614","0.380730400722792","0.617856930133141","1.56291542351929","62","c(""Sstr2"", ""Adgrg1"", ""Ptgir"", ""Smo"", ""Rxfp1"", ""Cx3cr1"", ""Adora2a"", ""Cysltr1"", ""Gpr68"", ""Gpr65"", ""P2ry14"", ""Grm4"", ""Cxcr6"", ""Ccr2"", ""F2r"", ""S1pr1"", ""Cxcr3"", ""Ptger4"")"
"131","WP_FOCAL_ADHESION","0.0107285079676779","0.0369355503314712","0.380730400722792","0.649725130400915","1.60167652554173","51","c(""Blk"", ""Pdgfrb"", ""Itga4"", ""Itgae"", ""Arhgap5"", ""Pik3cd"", ""Itgb3"", ""Zyx"", ""Itgb7"")"
"132","REACTOME_ION_CHANNEL_TRANSPORT","0.00700514741239837","0.0258960777294399","0.407017918923954","0.692220681809482","1.60960922107129","36","c(""Atp8b4"", ""Camk2d"", ""Atp2b4"", ""Rps27a"", ""Atp13a2"", ""Camk2a"", ""Atp1b3"", ""Mcoln2"", ""Mlkl"", ""Atp8a1"")"
"133","WP_ENDOCHONDRAL_OSSIFICATION","0.0129852879042637","0.0416803561192434","0.380730400722792","0.718110486619018","1.60977159003162","28","c(""Sox5"", ""Scin"", ""Runx3"", ""Hdac4"", ""Igf1r"", ""Runx2"", ""Thra"", ""Mef2c"")"
"134","REACTOME_TRANSLATION","0.000793484286050282","0.00365164707151711","0.477270815362862","0.581307924699823","1.61415533664746","152","c(""Rpl21"", ""Rpsa"", ""Rpl18"", ""Rpl18a"", ""Rpl32"", ""Rps5"", ""Rps10"", ""Rpl23"", ""Rps16"", ""Rps8"", ""Rpl13"", ""Rps14"", ""Rps19"", ""Rps18"", ""Rpl10"", ""Rps27a"", ""Rps3"", ""Rpl27a"", ""Rpl26"", ""Rps3a1"", ""Rps20"", ""Rpl9"", ""Rps12"", ""Rpl28"", ""Rpl3"", ""Rplp0"", ""Eef1b2"", ""Rpl17"", ""Rps7"", ""Rpl7a"", ""Rpl39"", ""Rps2"", ""Rpl8"", ""Eef1a1"", ""Rpl4"", ""Rpl11"", ""Rpl14"", ""Rpl29"", ""Rps4x"", ""Rps6"", ""Rpl37"", ""Rpl19"")"
"135","REACTOME_ION_TRANSPORT_BY_P_TYPE_ATPASES","0.0123303885497297","0.0408897443818242","0.380730400722792","0.782641462321058","1.63096127805141","17","c(""Atp8b4"", ""Camk2d"", ""Atp2b4"", ""Atp13a2"", ""Camk2a"", ""Atp1b3"", ""Atp8a1"")"
"136","REACTOME_ACTIVATION_OF_THE_MRNA_UPON_BINDING_OF_THE_CAP_BINDING_COMPLEX_AND_EIFS_AND_SUBSEQUENT_BINDING_TO_43S","0.00517667187807748","0.0197854153984148","0.407017918923954","0.690564910698968","1.63790018087751","41","c(""Rpsa"", ""Rps5"", ""Rps10"", ""Rps16"", ""Rps8"", ""Rps14"", ""Rps19"", ""Rps18"", ""Rps27a"", ""Rps3"", ""Rps3a1"", ""Rps20"", ""Rps12"", ""Rps7"", ""Rps2"", ""Rps4x"", ""Rps6"")"
"137","REACTOME_REGULATION_OF_INSULIN_LIKE_GROWTH_FACTOR_IGF_TRANSPORT_AND_UPTAKE_BY_INSULIN_LIKE_GROWTH_FACTOR_BINDING_PROTEINS_IGFBPS","0.00522818062811905","0.0198143652376613","0.407017918923954","0.700851408351391","1.66077685346614","39","c(""Igfbp4"", ""Wfs1"", ""Fam20a"", ""Lgals1"", ""Nucb1"", ""Hsp90b1"", ""P4hb"", ""Mfge8"", ""Pdia6"", ""Fuca2"", ""Golm1"", ""Stc2"")"
"138","REACTOME_PEPTIDE_HORMONE_METABOLISM","0.00740751305458734","0.0269418418356362","0.407017918923954","0.815095301307727","1.67431641820626","16","c(""Cpa3"", ""Exoc4"", ""Dpp4"", ""P4hb"")"
"139","REACTOME_O_LINKED_GLYCOSYLATION","0.00282502673087822","0.0115826095966007","0.431707695803346","0.820538041056086","1.73961194003428","19","c(""Galnt3"", ""St6gal1"", ""Muc13"", ""Pomt1"", ""St3gal4"")"
"140","REACTOME_MAJOR_PATHWAY_OF_RRNA_PROCESSING_IN_THE_NUCLEOLUS_AND_CYTOSOL","3.42883714078633e-05","0.000227412580955093","0.557332238758646","0.645571739860009","1.76519877284646","121","c(""Rpl21"", ""Rpsa"", ""Rpl18"", ""Rpl18a"", ""Rpl32"", ""Rps5"", ""Rps10"", ""Rpl23"", ""Rps16"", ""Rps8"", ""Rpl13"", ""Rps14"", ""Rps19"", ""Rps18"", ""Rpl10"", ""Rps27a"", ""Rps3"", ""Rpl27a"", ""Rpl26"", ""Rps3a1"", ""Rps20"", ""Rpl9"", ""Rps12"", ""Rpl28"", ""Rpl3"", ""Rplp0"", ""Rpl17"", ""Rps7"", ""Rpl7a"", ""Rpl39"", ""Rps2"", ""Rpl8"", ""Rpl4"", ""Rpl11"", ""Rpl14"", ""Rpl29"", ""Rps4x"", ""Rps6"", ""Rpl37"", ""Rpl19"")"
"141","REACTOME_EUKARYOTIC_TRANSLATION_INITIATION","2.08768815748692e-06","3.0372495452471e-05","0.627256739718528","0.731487486703682","1.90562178273953","83","c(""Rpl21"", ""Rpsa"", ""Rpl18"", ""Rpl18a"", ""Rpl32"", ""Rps5"", ""Rps10"", ""Rpl23"", ""Rps16"", ""Rps8"", ""Rpl13"", ""Rps14"", ""Rps19"", ""Rps18"", ""Rpl10"", ""Rps27a"", ""Rps3"", ""Rpl27a"", ""Rpl26"", ""Rps3a1"", ""Rps20"", ""Rpl9"", ""Rps12"", ""Rpl28"", ""Rpl3"", ""Rplp0"", ""Rpl17"", ""Rps7"", ""Rpl7a"", ""Rpl39"", ""Rps2"", ""Rpl8"", ""Rpl4"", ""Rpl11"", ""Rpl14"", ""Rpl29"", ""Rps4x"", ""Rps6"", ""Rpl37"", ""Rpl19"")"
"142","REACTOME_NONSENSE_MEDIATED_DECAY_NMD","9.1600230134111e-08","2.43010022296965e-06","0.704975715167238","0.78091581708746","2.00211907994901","71","c(""Rpl21"", ""Rpsa"", ""Rpl18"", ""Rpl18a"", ""Rpl32"", ""Rps5"", ""Rps10"", ""Rpl23"", ""Rps16"", ""Rps8"", ""Rpl13"", ""Rps14"", ""Rps19"", ""Rps18"", ""Rpl10"", ""Rps27a"", ""Rps3"", ""Rpl27a"", ""Rpl26"", ""Rps3a1"", ""Rps20"", ""Rpl9"", ""Rps12"", ""Rpl28"", ""Rpl3"", ""Rplp0"", ""Rpl17"", ""Rps7"", ""Rpl7a"", ""Rpl39"", ""Rps2"", ""Rpl8"", ""Rpl4"", ""Rpl11"", ""Rpl14"", ""Rpl29"", ""Rps4x"", ""Rps6"", ""Rpl37"", ""Rpl19"")"
"143","REACTOME_NONSENSE_MEDIATED_DECAY_NMD_INDEPENDENT_OF_THE_EXON_JUNCTION_COMPLEX_EJC","5.05903447312515e-09","2.8520306842243e-07","0.761460801445585","0.815991677064141","2.08378500874485","67","c(""Rpl21"", ""Rpsa"", ""Rpl18"", ""Rpl18a"", ""Rpl32"", ""Rps5"", ""Rps10"", ""Rpl23"", ""Rps16"", ""Rps8"", ""Rpl13"", ""Rps14"", ""Rps19"", ""Rps18"", ""Rpl10"", ""Rps27a"", ""Rps3"", ""Rpl27a"", ""Rpl26"", ""Rps3a1"", ""Rps20"", ""Rpl9"", ""Rps12"", ""Rpl28"", ""Rpl3"", ""Rplp0"", ""Rpl17"", ""Rps7"", ""Rpl7a"", ""Rpl39"", ""Rps2"", ""Rpl8"", ""Rpl4"", ""Rpl11"", ""Rpl14"", ""Rpl29"", ""Rps4x"", ""Rps6"", ""Rpl37"", ""Rpl19"")"
"144","WP_CYTOPLASMIC_RIBOSOMAL_PROTEINS","1.47228678060896e-10","1.10666889675773e-08","0.826657301178302","0.855525197175261","2.12939143565114","56","c(""Rpl21"", ""Rpsa"", ""Rpl18"", ""Rpl18a"", ""Rpl32"", ""Rps5"", ""Rps10"", ""Rpl10a"", ""Rps16"", ""Rps8"", ""Rpl13"", ""Rps14"", ""Rps19"", ""Rps18"", ""Rpl10"", ""Rps27a"", ""Rps3"", ""Rpl27a"", ""Rpl26"", ""Rps3a1"", ""Rps20"", ""Rpl9"", ""Rps12"", ""Rpl28"", ""Rpl3"", ""Rplp0"", ""Rpl17"", ""Rps7"", ""Rpl7a"", ""Rpl39"", ""Rps2"", ""Rpl8"", ""Rpl4"", ""Rpl11"", ""Rpl29"", ""Rps4x"", ""Rps6"", ""Rpl37"", ""Rpl19"")"
