,1,2,3,4,5,6,7,8
0,JUND,CTSZ,SOD3,ADGRL4,UACA,COL11A1,SPC25,EFEMP1
1,CD2,PSAP,MYL9,EMCN,COL4A2,COL10A1,DLGAP5,ALDH1A2
2,PTPRC,FTL,TAGLN,PODXL,THY1,LRRC15,CCNA2,LINC00636
3,IL32,CTSD,MT1E,HYAL2,COL6A2,COL1A2,UBE2C,STXBP6
4,TRAC,C1QC,C11orf96,PECAM1,MYO1B,THBS2,TOP2A,PROX1
5,CD3D,CTSB,ACTA2,CLEC14A,BGN,PCDH7,HMMR,TFF3
6,SAMSN1,C1QA,CEBPD,CD93,COL4A1,FNDC1,MKI67,PKHD1L1
7,TRBC2,HLA-DRB1,COL14A1,CYYR1,COL6A1,COL12A1,NCAPG,TBX1
8,CYTIP,CD68,TPM2,MALL,SPARC,COL8A1,TK1,CCL21
9,CD3E,APOE,CSRP2,PTPRB,PLXDC1,CTHRC1,GTSE1,CLU
10,CCDC64,C1QB,EFHD1,HSPG2,PCOLCE,HSD17B6,TUBB,ART4
11,RGCC,CAPG,CRYAB,AQP1,RGS5,CDH11,DIAPH3,MFAP4
12,DUSP4,HLA-DQB1,MYLK,ENG,COL3A1,PLPP4,TYMS,BMX
13,DNAJB1,GPNMB,NR2F2,PALMD,TIMP1,CNTN1,BIRC5,AKAP12
14,EZR,MS4A7,CALD1,EMP1,COL5A2,WNT2,MND1,SCNN1B
15,ICOS,MSR1,MT1M,MYCT1,COL18A1,AEBP1,ESCO2,KLHL4
16,CREM,RASSF4,MYH11,RAMP2,NID1,PALLD,KIAA0101,NTS
17,DUSP2,IGSF6,TPM1,VWA1,MMP9,COL1A1,AURKB,TFPI
18,CD27,FCGR2A,TINAGL1,CALCRL,NREP,ANTXR1,CDK1,AKR1C2
19,APOBEC3G,MRC1,PLAC9,PCDH17,PDGFRB,SDC1,PRC1,CNKSR3
20,CNOT6L,OLR1,NOTCH3,INSR,PRSS23,ITGBL1,KIF23,MGP
21,SH2D2A,MS4A6A,MAP3K7CL,PLVAP,OLFML2B,ITGA11,RRM2,FLRT3
22,TIGIT,TMEM176B,WFDC1,SLC9A3R2,CCDC102B,COL5A2,CDC20,MMRN1
23,TUBA4A,APOC1,EPS8,EGFL7,ITGA1,DCN,CENPE,FLNC
24,DOK2,CEBPA,NFASC,PLPP1,RNF152,HTRA1,NCAPH,AKR1C1
25,RUNX3,SLC7A7,KLHL23,ECSCR.1,COL5A1,FAP,HIST1H1B,ACKR3
26,TNFRSF18,ALDH1A1,SLIT3,RAMP3,EPB41L1,LUM,NUF2,IGSF3
27,ITM2A,HLA-DRA,MCAM,CDH5,CAMK2N1,MFAP5,STMN1,RHOJ
28,ZFP36L2,ALDH2,C1QTNF1,FKBP1A,CPE,GXYLT2,DEPDC1,CDH13
29,PTPN22,CYBB,ADIRF,VEGFC,LHFP,COL3A1,PLK1,MEDAG
30,ARL4C,CTSS,PLN,HEG1,COL6A3,FBN1,TPX2,PARD6G
31,CD7,FCER1G,NDUFA4L2,ERG,CBLN4,MMP2,CLSPN,EFNA5
32,LAT,CCL3L3,ZFHX3,BCL6B,C3orf80,NBL1,MYBL2,SLPI
33,REL,SOD2,CSRP1,HECW2,KCNJ8,RARRES2,CENPW,PPP1R9A
34,LCP1,IL18,C10orf10,PRCP,COL1A2,MXRA5,CCNB2,OMG
35,PPP1R2,C3AR1,SSTR2,SLCO2A1,PMEPA1,ASPN,ZWINT,CCDC80
36,FYB,ACP5,KCNE4,WWTR1,ENPEP,CTSK,CENPU,PDPN
37,CXCR4,SLC16A10,ADAMTS1,GNG11,ID4,SFRP2,CDC45,CD9
38,HSPA1A,FCGR1A,PDLIM3,PLCB1,ABCC9,SULF1,ASPM,PRELP
39,RAC2,PILRA,IGFBP7,CDH13,CD248,OMD,NUSAP1,ABI3BP
40,CD96,PLXDC2,FOXC2,TM4SF1,LAMA4,C1QTNF3,CKAP2L,PGM5
41,SH3BGRL3,FCGR3A,SYNPO2,SHE,NID2,CREB3L1,MAD2L1,TNXB
42,ZC3H12D,TFEC,NTRK2,MET,FAM46A,LOXL1,KIF2C,ALDH1A1
43,EIF4A3,CD163,MAP1B,SOX18,TPPP3,GAS1,PBK,LMO2
44,TRBC1,HLA-DMA,SMOC2,MECOM,GGT5,FBLN1,CENPM,SDPR
45,TNFRSF9,SLAMF8,PTK2,PTPRM,IGFBP7,RP11-417E7.2,CKS1B,IGFBP6
46,CD69,CD74,MT1A,IL3RA,GUCY1A3,KIAA1217,PCNA,SCG3
47,SQSTM1,HLA-DPA1,FRZB,SDPR,S1PR3,MMP11,CDCA3,NNMT
48,LAIR2,PLEK,RCAN2,LMO2,SDC2,GJB2,HIST1H4C,ADM
49,LSP1,HLA-DPB1,ID4,RHOJ,GUCY1B3,POSTN,HMGB2,PDLIM1
50,IL21R,CD14,ARTN,SEMA3F,CD63,WISP2,CENPF,DKK3
51,ZFP36,LGMN,SPARCL1,A2M,COL5A3,ISLR,CENPA,KLF4
52,IL7R,LILRB4,PHLDA2,NOTCH4,PRKG1,CLMP,NDC80,CRTAC1
53,BIRC3,SERPINA1,ADAMTS4,ADAM15,GRP,DIO2,FEN1,SCARA5
54,CD52,TYROBP,PGF,CD34,CYGB,NTM,DEK,IGF1
55,SH2D1A,VSIG4,RERGL,NPDC1,TFPI,MXRA8,SHCBP1,PTGS2
56,LTB,HMOX1,PTP4A3,PKP4,EPS8,INHBA,H2AFZ,PTGFR
57,RCAN3,NPL,GJA4,FLT1,SNAI2,COMP,HIST1H1D,PDLIM4
58,HSPA1B,SLCO2B1,FILIP1L,GJA1,POSTN,COL5A1,FABP5,TWIST2
59,CD8A,KCNMA1,HSPB1,CNKSR3,LGALS1,TMEM158,CCNB1,SNCG
60,H2AFZ,FBP1,OR51E1,PCDH12,LOXL2,FIBIN,CEP55,BDKRB1
61,MALAT1,NCF2,LMOD1,MMRN2,LYPD1,TIMP3,NPW,ECSCR.1
62,YWHAZ,C15orf48,RERG,PCAT19,CALD1,CCDC80,TXN,ADIRF
63,HSPA5,CXCL16,SEPT4,EPAS1,RGS4,SUGCT,AURKA,THBD
64,PTTG1,RBP4,MT2A,CXorf36,MGP,FN1,GINS2,STOX2
65,IL2RA,TREM2,CAV1,CNTNAP3B,FILIP1L,ZFHX4,GGH,SRPX
66,PIK3IP1,CXCL8,DKK3,FAM167B,SPON2,PDPN,MCM7,TNFRSF12A
67,ZNF331,CSF1R,JAG1,ITGA6,NR2F2,NOX4,COTL1,KANK3
68,CSRNP1,MNDA,PDGFA,ETS2,MIR4435-2HG,MEG3,RNASEH2A,DKK1
69,HCST,PRDX1,CRISPLD2,NUAK1,CLEC11A,PDGFRL,KIF20A,STEAP1
70,KDM6B,MARCO,LHFP,PDLIM1,COL1A1,HTRA3,TUBA1C,FGF7
71,CCND2,GAL3ST4,ARHGEF17,ARHGAP23,FOXC2,VGLL3,PTTG1,FAM180B
72,SLAMF1,ALOX5,PPP1R14A,SPRY1,GUCY1A2,NEGR1,CDKN3,WASF3
73,SPTY2D1,TMEM176A,ID3,RAI14,RND3,DPYSL3,WDFY4,PI16
74,CLK1,HCAR3,RBPMS,KANK3,SERPINF1,GREM1,S100A10,C1R
75,EMB,LRRC25,GPRC5C,TNFRSF10D,PRRX1,C1S,LCP1,PLA1A
76,CCL5,CSTB,COL18A1,VWF,NES,VCAN,PRDX1,HS3ST2
77,PTPN7,CLEC7A,LTBP1,COL4A1,CCL26,PODN,CLEC9A,RARRES1
78,RGS1,CCL3,MRVI1,KDR,TNFAIP6,MFAP2,LGALS1,S100A10
79,ZFAND2A,KYNU,CEBPB,S1PR1,TGFB3,GLT8D2,NAP1L1,CXCL14
80,ANKRD37,ITGB2,EDNRB,EDN1,EDNRA,SPARC,TGFBI,AOX1
81,PPP1R15A,FPR3,NMU,NOSTRIN,ANO1,PLAU,SFRP1,PLA2G2A
82,TRAT1,MS4A4A,FBXO32,FAM198B,NDUFA4L2,COL8A2,ANKRD22,MEG3
83,TNFRSF4,PLAUR,CPE,ADGRF5,DLC1,COL6A3,COL4A2-AS2,DPYSL3
84,CST7,FGL2,HSPB8,TIE1,OLFML2A,RP11-400N13.3,CBX5,FOXC2
85,TBC1D10C,CD86,IGFBP4,JAG2,MXRA5,LTBP2,PLEK,CFD
86,IER5,CCL18,NRIP2,TM4SF18,HIGD1B,CTGF,IMPA2,RAMP2
87,GADD45A,PLTP,EPAS1,ARHGAP29,NOTCH3,PDGFRA,CLEC5A,CLDN5
88,PDE3B,C5AR1,PDK4,TGM2,GJC1,SPOCK1,SNX10,CYR61
89,NFKB1,CTSH,LRRC4B,ADAMTS1,MCAM,FSTL1,MT2A,ANK2
90,AC133644.2,FAM26F,RASD1,MPZL2,ECM1,FBLN2,MGST1,FBLN1
91,WNK1,SNX10,MT1X,STC1,OLFML3,NNMT,GPC4,COLEC12
92,RYBP,FCGR2B,VCL,ADAMTS9,RBFOX2,GALNT1,PCBP2,MDK
93,TRGC2,TNFAIP2,RP11-834C11.4,APLNR,SEMA5A,EPYC,CSTB,HAS1
94,FAM177A1,NEAT1,KLF9,EFNA1,CERCAM,ITGB5,SAA1,CRABP2
95,TUBA1A,TGFBI,NRGN,KCTD12,GABRD,PLAT,XCR1,CHRDL2
96,JUNB,NUPR1,RGS16,SYNPO,NTM,FST,GBP1,BACE2
97,NR4A2,ATP6V1F,ENAH,MTUS1,VASN,CEMIP,LPCAT2,TFPI2
98,CCNI,NCEH1,GPX3,APOLD1,CHN1,GPX8,NRGN,PTGFRN
99,PTP4A2,FOLR2,CASQ2,CAV1,RCN3,LOX,MNDA,ALDH2
